t,id,class,x,y,yaw,v,length,width
0.05,1,bus,95.000,3.650,0.0000,0.000,11.0,2.6
0.05,2,pedestrian,101.400,6.200,-1.5708,0.000,0.5,0.5
0.05,3,auto,136.551,-2.425,3.2192,6.323,2.8,1.4
0.05,4,car,60.000,-4.000,0.0000,0.000,4.2,1.8
0.05,5,car,140.000,-4.000,0.0000,0.000,4.2,1.8
0.15,1,bus,95.000,3.650,0.0000,0.000,11.0,2.6
0.15,2,pedestrian,101.400,6.200,-1.5708,0.000,0.5,0.5
0.15,3,auto,135.919,-2.365,3.0470,6.323,2.8,1.4
0.15,4,car,60.000,-4.000,0.0000,0.000,4.2,1.8
0.15,5,car,140.000,-4.000,0.0000,0.000,4.2,1.8
0.25,1,bus,95.000,3.650,0.0000,0.000,11.0,2.6
0.25,2,pedestrian,101.400,6.200,-1.5708,0.000,0.5,0.5
0.25,3,auto,135.287,-2.365,3.2362,6.323,2.8,1.4
0.25,4,car,60.000,-4.000,0.0000,0.000,4.2,1.8
0.25,5,car,140.000,-4.000,0.0000,0.000,4.2,1.8
0.35,1,bus,95.000,3.650,0.0000,0.000,11.0,2.6
0.35,2,pedestrian,101.400,6.200,-1.5708,0.000,0.5,0.5
0.35,3,auto,134.654,-2.359,3.1289,6.323,2.8,1.4
0.35,4,car,60.000,-4.000,0.0000,0.000,4.2,1.8
0.35,5,car,140.000,-4.000,0.0000,0.000,4.2,1.8
0.45,1,bus,95.000,3.650,0.0000,0.000,11.0,2.6
0.45,2,pedestrian,101.400,6.200,-1.5708,0.000,0.5,0.5
0.45,3,auto,134.022,-2.358,3.0470,6.323,2.8,1.4
0.45,4,car,60.000,-4.000,0.0000,0.000,4.2,1.8
0.45,5,car,140.000,-4.000,0.0000,0.000,4.2,1.8
0.55,1,bus,95.000,3.650,0.0000,0.000,11.0,2.6
0.55,2,pedestrian,101.400,6.200,-1.5708,0.000,0.5,0.5
0.55,3,auto,133.390,-2.384,3.1305,6.323,2.8,1.4
0.55,4,car,60.000,-4.000,0.0000,0.000,4.2,1.8
0.55,5,car,140.000,-4.000,0.0000,0.000,4.2,1.8
0.65,1,bus,95.000,3.650,0.0000,0.000,11.0,2.6
0.65,2,pedestrian,101.400,6.200,-1.5708,0.000,0.5,0.5
0.65,3,auto,132.757,-2.413,3.2064,6.323,2.8,1.4
0.65,4,car,60.000,-4.000,0.0000,0.000,4.2,1.8
0.65,5,car,140.000,-4.000,0.0000,0.000,4.2,1.8
0.75,1,bus,95.000,3.650,0.0000,0.000,11.0,2.6
0.75,2,pedestrian,101.400,6.200,-1.5708,0.000,0.5,0.5
0.75,3,auto,132.125,-2.417,3.2362,6.323,2.8,1.4
0.75,4,car,60.000,-4.000,0.0000,0.000,4.2,1.8
0.75,5,car,140.000,-4.000,0.0000,0.000,4.2,1.8
0.85,1,bus,95.000,3.650,0.0000,0.000,11.0,2.6
0.85,2,pedestrian,101.400,6.200,-1.5708,0.000,0.5,0.5
0.85,3,auto,131.493,-2.390,3.0975,6.323,2.8,1.4
0.85,4,car,60.000,-4.000,0.0000,0.000,4.2,1.8
0.85,5,car,140.000,-4.000,0.0000,0.000,4.2,1.8
0.95,1,bus,95.000,3.650,0.0000,0.000,11.0,2.6
0.95,2,pedestrian,101.400,6.200,-1.5708,0.000,0.5,0.5
0.95,3,auto,130.860,-2.432,3.2362,6.323,2.8,1.4
0.95,4,car,60.000,-4.000,0.0000,0.000,4.2,1.8
0.95,5,car,140.000,-4.000,0.0000,0.000,4.2,1.8
1.05,1,bus,95.000,3.650,0.0000,0.000,11.0,2.6
1.05,2,pedestrian,101.400,6.200,-1.5708,0.000,0.5,0.5
1.05,3,auto,130.228,-2.492,3.2362,6.323,2.8,1.4
1.05,4,car,60.000,-4.000,0.0000,0.000,4.2,1.8
1.05,5,car,140.000,-4.000,0.0000,0.000,4.2,1.8
1.15,1,bus,95.000,3.650,0.0000,0.000,11.0,2.6
1.15,2,pedestrian,101.400,6.200,-1.5708,0.000,0.5,0.5
1.15,3,auto,129.596,-2.547,3.2362,6.323,2.8,1.4
1.15,4,car,60.000,-4.000,0.0000,0.000,4.2,1.8
1.15,5,car,140.000,-4.000,0.0000,0.000,4.2,1.8
1.25,1,bus,95.000,3.650,0.0000,0.000,11.0,2.6
1.25,2,pedestrian,101.400,6.200,-1.5708,0.000,0.5,0.5
1.25,3,auto,128.963,-2.570,3.1774,6.323,2.8,1.4
1.25,4,car,60.000,-4.000,0.0000,0.000,4.2,1.8
1.25,5,car,140.000,-4.000,0.0000,0.000,4.2,1.8
1.35,1,bus,95.000,3.650,0.0000,0.000,11.0,2.6
1.35,2,pedestrian,101.400,6.200,-1.5708,0.000,0.5,0.5
1.35,3,auto,128.331,-2.630,3.2362,6.323,2.8,1.4
1.35,4,car,60.000,-4.000,0.0000,0.000,4.2,1.8
1.35,5,car,140.000,-4.000,0.0000,0.000,4.2,1.8
1.45,1,bus,95.000,3.650,0.0000,0.000,11.0,2.6
1.45,2,pedestrian,101.400,6.200,-1.5708,0.000,0.5,0.5
1.45,3,auto,127.699,-2.677,3.1930,6.323,2.8,1.4
1.45,4,car,60.000,-4.000,0.0000,0.000,4.2,1.8
1.45,5,car,140.000,-4.000,0.0000,0.000,4.2,1.8
1.55,1,bus,95.000,3.650,0.0000,0.000,11.0,2.6
1.55,2,pedestrian,101.400,6.200,-1.5708,0.000,0.5,0.5
1.55,3,auto,127.066,-2.625,3.0470,6.323,2.8,1.4
1.55,4,car,60.000,-4.000,0.0000,0.000,4.2,1.8
1.55,5,car,140.000,-4.000,0.0000,0.000,4.2,1.8
1.65,1,bus,95.000,3.650,0.0000,0.000,11.0,2.6
1.65,2,pedestrian,101.400,6.200,-1.5708,0.000,0.5,0.5
1.65,3,auto,126.434,-2.636,3.2135,6.323,2.8,1.4
1.65,4,car,60.000,-4.000,0.0000,0.000,4.2,1.8
1.65,5,car,140.000,-4.000,0.0000,0.000,4.2,1.8
1.75,1,bus,95.000,3.650,0.0000,0.000,11.0,2.6
1.75,2,pedestrian,101.400,6.200,-1.5708,0.000,0.5,0.5
1.75,3,auto,125.802,-2.581,3.0470,6.323,2.8,1.4
1.75,4,car,60.000,-4.000,0.0000,0.000,4.2,1.8
1.75,5,car,140.000,-4.000,0.0000,0.000,4.2,1.8
1.85,1,bus,95.000,3.650,0.0000,0.000,11.0,2.6
1.85,2,pedestrian,101.400,6.200,-1.5708,0.000,0.5,0.5
1.85,3,auto,125.169,-2.547,3.1316,6.323,2.8,1.4
1.85,4,car,60.000,-4.000,0.0000,0.000,4.2,1.8
1.85,5,car,140.000,-4.000,0.0000,0.000,4.2,1.8
1.95,1,bus,95.000,3.650,0.0000,0.000,11.0,2.6
1.95,2,pedestrian,101.400,6.200,-1.5708,0.000,0.5,0.5
1.95,3,auto,124.537,-2.559,3.2362,6.323,2.8,1.4
1.95,4,car,60.000,-4.000,0.0000,0.000,4.2,1.8
1.95,5,car,140.000,-4.000,0.0000,0.000,4.2,1.8
2.05,1,bus,95.000,3.650,0.0000,0.000,11.0,2.6
2.05,2,pedestrian,101.400,6.200,-1.5708,0.000,0.5,0.5
2.05,3,auto,123.905,-2.617,3.2305,6.323,2.8,1.4
2.05,4,car,60.000,-4.000,0.0000,0.000,4.2,1.8
2.05,5,car,140.000,-4.000,0.0000,0.000,4.2,1.8
2.15,1,bus,95.000,3.650,0.0000,0.000,11.0,2.6
2.15,2,pedestrian,101.400,6.200,-1.5708,0.000,0.5,0.5
2.15,3,auto,123.273,-2.677,3.2362,6.323,2.8,1.4
2.15,4,car,60.000,-4.000,0.0000,0.000,4.2,1.8
2.15,5,car,140.000,-4.000,0.0000,0.000,4.2,1.8
2.25,1,bus,95.000,3.650,0.0000,0.000,11.0,2.6
2.25,2,pedestrian,101.400,6.200,-1.5708,0.000,0.5,0.5
2.25,3,auto,122.640,-2.699,3.1152,6.323,2.8,1.4
2.25,4,car,60.000,-4.000,0.0000,0.000,4.2,1.8
2.25,5,car,140.000,-4.000,0.0000,0.000,4.2,1.8
2.35,1,bus,95.000,3.650,0.0000,0.000,11.0,2.6
2.35,2,pedestrian,101.400,6.200,-1.5708,0.000,0.5,0.5
2.35,3,auto,122.008,-2.689,3.0511,6.323,2.8,1.4
2.35,4,car,60.000,-4.000,0.0000,0.000,4.2,1.8
2.35,5,car,140.000,-4.000,0.0000,0.000,4.2,1.8
2.45,1,bus,95.000,3.650,0.0000,0.000,11.0,2.6
2.45,2,pedestrian,101.400,6.200,-1.5708,0.000,0.5,0.5
2.45,3,auto,121.376,-2.652,3.1195,6.323,2.8,1.4
2.45,4,car,60.000,-4.000,0.0000,0.000,4.2,1.8
2.45,5,car,140.000,-4.000,0.0000,0.000,4.2,1.8
2.55,1,bus,95.000,3.650,0.0000,0.000,11.0,2.6
2.55,2,pedestrian,101.400,6.200,-1.5708,0.000,0.5,0.5
2.55,3,auto,120.743,-2.601,3.0756,6.323,2.8,1.4
2.55,4,car,60.000,-4.000,0.0000,0.000,4.2,1.8
2.55,5,car,140.000,-4.000,0.0000,0.000,4.2,1.8
2.65,1,bus,95.000,3.650,0.0000,0.000,11.0,2.6
2.65,2,pedestrian,101.400,6.200,-1.5708,0.000,0.5,0.5
2.65,3,auto,120.111,-2.541,3.0470,6.323,2.8,1.4
2.65,4,car,60.000,-4.000,0.0000,0.000,4.2,1.8
2.65,5,car,140.000,-4.000,0.0000,0.000,4.2,1.8
2.75,1,bus,95.000,3.650,0.0000,0.000,11.0,2.6
2.75,2,pedestrian,101.400,6.200,-1.5708,0.000,0.5,0.5
2.75,3,auto,119.479,-2.601,3.2362,6.323,2.8,1.4
2.75,4,car,60.000,-4.000,0.0000,0.000,4.2,1.8
2.75,5,car,140.000,-4.000,0.0000,0.000,4.2,1.8
2.85,1,bus,95.000,3.650,0.0000,0.000,11.0,2.6
2.85,2,pedestrian,101.400,6.200,-1.5708,0.000,0.5,0.5
2.85,3,auto,118.846,-2.661,3.2362,6.323,2.8,1.4
2.85,4,car,60.000,-4.000,0.0000,0.000,4.2,1.8
2.85,5,car,140.000,-4.000,0.0000,0.000,4.2,1.8
2.95,1,bus,95.000,3.650,0.0000,0.000,11.0,2.6
2.95,2,pedestrian,101.400,6.200,-1.5708,0.000,0.5,0.5
2.95,3,auto,118.214,-2.712,3.2071,6.323,2.8,1.4
2.95,4,car,60.000,-4.000,0.0000,0.000,4.2,1.8
2.95,5,car,140.000,-4.000,0.0000,0.000,4.2,1.8
3.05,1,bus,95.000,3.650,0.0000,0.000,11.0,2.6
3.05,2,pedestrian,101.400,6.200,-1.5708,0.000,0.5,0.5
3.05,3,auto,117.582,-2.734,3.1158,6.323,2.8,1.4
3.05,4,car,60.000,-4.000,0.0000,0.000,4.2,1.8
3.05,5,car,140.000,-4.000,0.0000,0.000,4.2,1.8
3.15,1,bus,95.000,3.650,0.0000,0.000,11.0,2.6
3.15,2,pedestrian,101.400,6.200,-1.5708,0.000,0.5,0.5
3.15,3,auto,116.949,-2.674,3.0470,6.323,2.8,1.4
3.15,4,car,60.000,-4.000,0.0000,0.000,4.2,1.8
3.15,5,car,140.000,-4.000,0.0000,0.000,4.2,1.8
3.25,1,bus,95.000,3.650,0.0000,0.000,11.0,2.6
3.25,2,pedestrian,101.400,6.200,-1.5708,0.000,0.5,0.5
3.25,3,auto,116.317,-2.641,3.1335,6.323,2.8,1.4
3.25,4,car,60.000,-4.000,0.0000,0.000,4.2,1.8
3.25,5,car,140.000,-4.000,0.0000,0.000,4.2,1.8
3.35,1,bus,95.000,3.650,0.0000,0.000,11.0,2.6
3.35,2,pedestrian,101.400,6.200,-1.5708,0.000,0.5,0.5
3.35,3,auto,115.685,-2.644,3.0977,6.323,2.8,1.4
3.35,4,car,60.000,-4.000,0.0000,0.000,4.2,1.8
3.35,5,car,140.000,-4.000,0.0000,0.000,4.2,1.8
3.45,1,bus,95.000,3.650,0.0000,0.000,11.0,2.6
3.45,2,pedestrian,101.400,6.200,-1.5708,0.000,0.5,0.5
3.45,3,auto,115.052,-2.704,3.2362,6.323,2.8,1.4
3.45,4,car,60.000,-4.000,0.0000,0.000,4.2,1.8
3.45,5,car,140.000,-4.000,0.0000,0.000,4.2,1.8
3.55,1,bus,95.000,3.650,0.0000,0.000,11.0,2.6
3.55,2,pedestrian,101.400,6.200,-1.5708,0.000,0.5,0.5
3.55,3,auto,114.420,-2.764,3.2362,6.323,2.8,1.4
3.55,4,car,60.000,-4.000,0.0000,0.000,4.2,1.8
3.55,5,car,140.000,-4.000,0.0000,0.000,4.2,1.8
3.65,1,bus,95.000,3.650,0.0000,0.000,11.0,2.6
3.65,2,pedestrian,101.400,6.200,-1.5708,0.000,0.5,0.5
3.65,3,auto,113.788,-2.764,3.0470,6.323,2.8,1.4
3.65,4,car,60.000,-4.000,0.0000,0.000,4.2,1.8
3.65,5,car,140.000,-4.000,0.0000,0.000,4.2,1.8
3.75,1,bus,95.000,3.650,0.0000,0.000,11.0,2.6
3.75,2,pedestrian,101.400,6.200,-1.5708,0.000,0.5,0.5
3.75,3,auto,113.156,-2.764,3.0470,6.323,2.8,1.4
3.75,4,car,60.000,-4.000,0.0000,0.000,4.2,1.8
3.75,5,car,140.000,-4.000,0.0000,0.000,4.2,1.8
3.85,1,bus,95.000,3.650,0.0000,0.000,11.0,2.6
3.85,2,pedestrian,101.400,6.200,-1.5708,0.000,0.5,0.5
3.85,3,auto,112.523,-2.801,3.1836,6.323,2.8,1.4
3.85,4,car,60.000,-4.000,0.0000,0.000,4.2,1.8
3.85,5,car,140.000,-4.000,0.0000,0.000,4.2,1.8
3.95,1,bus,95.000,3.650,0.0000,0.000,11.0,2.6
3.95,2,pedestrian,101.400,6.200,-1.5708,0.000,0.5,0.5
3.95,3,auto,111.891,-2.784,3.1842,6.323,2.8,1.4
3.95,4,car,60.000,-4.000,0.0000,0.000,4.2,1.8
3.95,5,car,140.000,-4.000,0.0000,0.000,4.2,1.8
4.05,1,bus,95.000,3.650,0.0000,0.000,11.0,2.6
4.05,2,pedestrian,101.400,6.200,-1.5708,0.000,0.5,0.5
4.05,3,auto,111.259,-2.844,3.2362,6.323,2.8,1.4
4.05,4,car,60.000,-4.000,0.0000,0.000,4.2,1.8
4.05,5,car,140.000,-4.000,0.0000,0.000,4.2,1.8
4.15,1,bus,95.000,3.650,0.0000,0.000,11.0,2.6
4.15,2,pedestrian,101.400,6.200,-1.5708,0.000,0.5,0.5
4.15,3,auto,110.626,-2.876,3.1468,6.323,2.8,1.4
4.15,4,car,60.000,-4.000,0.0000,0.000,4.2,1.8
4.15,5,car,140.000,-4.000,0.0000,0.000,4.2,1.8
4.25,1,bus,95.000,3.650,0.0000,0.000,11.0,2.6
4.25,2,pedestrian,101.400,6.200,-1.5708,0.000,0.5,0.5
4.25,3,auto,109.994,-2.816,3.0470,6.323,2.8,1.4
4.25,4,car,60.000,-4.000,0.0000,0.000,4.2,1.8
4.25,5,car,140.000,-4.000,0.0000,0.000,4.2,1.8
4.35,1,bus,95.000,3.650,0.0000,0.000,11.0,2.6
4.35,2,pedestrian,101.400,6.200,-1.5708,0.000,0.5,0.5
4.35,3,auto,109.362,-2.872,3.2362,6.323,2.8,1.4
4.35,4,car,60.000,-4.000,0.0000,0.000,4.2,1.8
4.35,5,car,140.000,-4.000,0.0000,0.000,4.2,1.8
4.45,1,bus,95.000,3.650,0.0000,0.000,11.0,2.6
4.45,2,pedestrian,101.400,6.200,-1.5708,0.000,0.5,0.5
4.45,3,auto,108.729,-2.860,3.0470,6.323,2.8,1.4
4.45,4,car,60.000,-4.000,0.0000,0.000,4.2,1.8
4.45,5,car,140.000,-4.000,0.0000,0.000,4.2,1.8
4.55,1,bus,95.000,3.650,0.0000,0.000,11.0,2.6
4.55,2,pedestrian,101.400,6.200,-1.5708,0.000,0.5,0.5
4.55,3,auto,108.097,-2.881,3.2219,6.323,2.8,1.4
4.55,4,car,60.000,-4.000,0.0000,0.000,4.2,1.8
4.55,5,car,140.000,-4.000,0.0000,0.000,4.2,1.8
4.65,1,bus,95.000,3.650,0.0000,0.000,11.0,2.6
4.65,2,pedestrian,101.400,6.200,-1.5708,0.000,0.5,0.5
4.65,3,auto,107.465,-2.889,3.2076,6.323,2.8,1.4
4.65,4,car,60.000,-4.000,0.0000,0.000,4.2,1.8
4.65,5,car,140.000,-4.000,0.0000,0.000,4.2,1.8
4.75,1,bus,95.000,3.650,0.0000,0.000,11.0,2.6
4.75,2,pedestrian,101.400,6.200,-1.5708,0.000,0.5,0.5
4.75,3,auto,106.832,-2.866,3.0470,6.323,2.8,1.4
4.75,4,car,60.000,-4.000,0.0000,0.000,4.2,1.8
4.75,5,car,140.000,-4.000,0.0000,0.000,4.2,1.8
4.85,1,bus,95.000,3.650,0.0000,0.000,11.0,2.6
4.85,2,pedestrian,101.400,6.200,-1.5708,0.000,0.5,0.5
4.85,3,auto,106.200,-2.856,3.0470,6.323,2.8,1.4
4.85,4,car,60.000,-4.000,0.0000,0.000,4.2,1.8
4.85,5,car,140.000,-4.000,0.0000,0.000,4.2,1.8
4.95,1,bus,95.000,3.650,0.0000,0.000,11.0,2.6
4.95,2,pedestrian,101.400,6.200,-1.5708,0.000,0.5,0.5
4.95,3,auto,105.568,-2.881,3.1268,6.323,2.8,1.4
4.95,4,car,60.000,-4.000,0.0000,0.000,4.2,1.8
4.95,5,car,140.000,-4.000,0.0000,0.000,4.2,1.8
5.05,1,bus,95.000,3.650,0.0000,0.000,11.0,2.6
5.05,2,pedestrian,101.400,6.200,-1.5708,0.000,0.5,0.5
5.05,3,auto,104.935,-2.821,3.0470,6.323,2.8,1.4
5.05,4,car,60.000,-4.000,0.0000,0.000,4.2,1.8
5.05,5,car,140.000,-4.000,0.0000,0.000,4.2,1.8
5.15,1,bus,95.000,3.650,0.0000,0.000,11.0,2.6
5.15,2,pedestrian,101.400,6.200,-1.5708,0.000,0.5,0.5
5.15,3,auto,104.303,-2.761,3.0470,6.323,2.8,1.4
5.15,4,car,60.000,-4.000,0.0000,0.000,4.2,1.8
5.15,5,car,140.000,-4.000,0.0000,0.000,4.2,1.8
5.25,1,bus,95.000,3.650,0.0000,0.000,11.0,2.6
5.25,2,pedestrian,101.400,6.200,-1.5708,0.000,0.5,0.5
5.25,3,auto,103.671,-2.701,3.0470,6.323,2.8,1.4
5.25,4,car,60.000,-4.000,0.0000,0.000,4.2,1.8
5.25,5,car,140.000,-4.000,0.0000,0.000,4.2,1.8
5.35,1,bus,95.000,3.650,0.0000,0.000,11.0,2.6
5.35,2,pedestrian,101.400,6.200,-1.5708,0.000,0.5,0.5
5.35,3,auto,103.039,-2.641,3.0470,6.323,2.8,1.4
5.35,4,car,60.000,-4.000,0.0000,0.000,4.2,1.8
5.35,5,car,140.000,-4.000,0.0000,0.000,4.2,1.8
5.45,1,bus,95.000,3.650,0.0000,0.000,11.0,2.6
5.45,2,pedestrian,101.400,6.200,-1.5708,0.000,0.5,0.5
5.45,3,auto,102.406,-2.637,3.0966,6.323,2.8,1.4
5.45,4,car,60.000,-4.000,0.0000,0.000,4.2,1.8
5.45,5,car,140.000,-4.000,0.0000,0.000,4.2,1.8
5.55,1,bus,95.000,3.650,0.0000,0.000,11.0,2.6
5.55,2,pedestrian,101.400,6.200,-1.5708,0.000,0.5,0.5
5.55,3,auto,101.774,-2.697,3.2362,6.323,2.8,1.4
5.55,4,car,60.000,-4.000,0.0000,0.000,4.2,1.8
5.55,5,car,140.000,-4.000,0.0000,0.000,4.2,1.8
5.65,1,bus,95.000,3.650,0.0000,0.000,11.0,2.6
5.65,2,pedestrian,101.400,6.200,-1.5708,0.000,0.5,0.5
5.65,3,auto,101.142,-2.757,3.2362,6.323,2.8,1.4
5.65,4,car,60.000,-4.000,0.0000,0.000,4.2,1.8
5.65,5,car,140.000,-4.000,0.0000,0.000,4.2,1.8
5.75,1,bus,95.000,3.650,0.0000,0.000,11.0,2.6
5.75,2,pedestrian,101.400,6.200,-1.5708,0.000,0.5,0.5
5.75,3,auto,100.509,-2.766,3.1379,6.323,2.8,1.4
5.75,4,car,60.000,-4.000,0.0000,0.000,4.2,1.8
5.75,5,car,140.000,-4.000,0.0000,0.000,4.2,1.8
5.85,1,bus,95.000,3.650,0.0000,0.000,11.0,2.6
5.85,2,pedestrian,101.400,6.200,-1.5708,0.000,0.5,0.5
5.85,3,auto,99.877,-2.770,3.1167,6.323,2.8,1.4
5.85,4,car,60.000,-4.000,0.0000,0.000,4.2,1.8
5.85,5,car,140.000,-4.000,0.0000,0.000,4.2,1.8
5.95,1,bus,95.000,3.650,0.0000,0.000,11.0,2.6
5.95,2,pedestrian,101.400,6.200,-1.5708,0.000,0.5,0.5
5.95,3,auto,99.247,-2.787,3.2162,6.283,2.8,1.4
5.95,4,car,60.000,-4.000,0.0000,0.000,4.2,1.8
5.95,5,car,140.000,-4.000,0.0000,0.000,4.2,1.8
6.05,1,bus,95.000,3.650,0.0000,0.000,11.0,2.6
6.05,2,pedestrian,101.400,6.200,-1.5708,0.000,0.5,0.5
6.05,3,auto,98.620,-2.799,3.2374,6.246,2.8,1.4
6.05,4,car,60.000,-4.000,0.0000,0.000,4.2,1.8
6.05,5,car,140.000,-4.000,0.0000,0.000,4.2,1.8
6.15,1,bus,95.000,3.650,0.0000,0.000,11.0,2.6
6.15,2,pedestrian,101.400,6.200,-1.5708,0.000,0.5,0.5
6.15,3,auto,97.997,-2.818,3.1074,6.211,2.8,1.4
6.15,4,car,60.000,-4.000,0.0000,0.000,4.2,1.8
6.15,5,car,140.000,-4.000,0.0000,0.000,4.2,1.8
6.25,1,bus,95.000,3.650,0.0000,0.000,11.0,2.6
6.25,2,pedestrian,101.400,6.200,-1.5708,0.000,0.5,0.5
6.25,3,auto,97.378,-2.831,3.0867,6.179,2.8,1.4
6.25,4,car,60.000,-4.000,0.0000,0.000,4.2,1.8
6.25,5,car,140.000,-4.000,0.0000,0.000,4.2,1.8
6.35,1,bus,95.000,3.650,0.0000,0.000,11.0,2.6
6.35,2,pedestrian,101.400,6.200,-1.5708,0.000,0.5,0.5
6.35,3,auto,96.762,-2.795,3.0795,6.148,2.8,1.4
6.35,4,car,60.000,-4.000,0.0000,0.000,4.2,1.8
6.35,5,car,140.000,-4.000,0.0000,0.000,4.2,1.8
6.45,1,bus,95.000,3.650,0.0000,0.000,11.0,2.6
6.45,2,pedestrian,101.400,6.200,-1.5708,0.000,0.5,0.5
6.45,3,auto,96.148,-2.771,3.0438,6.119,2.8,1.4
6.45,4,car,60.000,-4.000,0.0000,0.000,4.2,1.8
6.45,5,car,140.000,-4.000,0.0000,0.000,4.2,1.8
6.55,1,bus,95.000,3.650,0.0000,0.000,11.0,2.6
6.55,2,pedestrian,101.400,6.200,-1.5708,0.000,0.5,0.5
6.55,3,auto,95.538,-2.738,3.1327,6.091,2.8,1.4
6.55,4,car,60.000,-4.000,0.0000,0.000,4.2,1.8
6.55,5,car,140.000,-4.000,0.0000,0.000,4.2,1.8
6.65,1,bus,95.000,3.650,0.0000,0.000,11.0,2.6
6.65,2,pedestrian,101.400,6.200,-1.5708,0.000,0.5,0.5
6.65,3,auto,94.930,-2.763,3.2070,6.065,2.8,1.4
6.65,4,car,60.000,-4.000,0.0000,0.000,4.2,1.8
6.65,5,car,140.000,-4.000,0.0000,0.000,4.2,1.8
6.75,1,bus,95.000,3.650,0.0000,0.000,11.0,2.6
6.75,2,pedestrian,101.400,6.200,-1.5708,0.000,0.5,0.5
6.75,3,auto,94.325,-2.718,3.0928,6.039,2.8,1.4
6.75,4,car,60.000,-4.000,0.0000,0.000,4.2,1.8
6.75,5,car,140.000,-4.000,0.0000,0.000,4.2,1.8
6.85,1,bus,95.000,3.650,0.0000,0.000,11.0,2.6
6.85,2,pedestrian,101.400,6.200,-1.5708,0.000,0.5,0.5
6.85,3,auto,93.722,-2.658,3.0422,6.014,2.8,1.4
6.85,4,car,60.000,-4.000,0.0000,0.000,4.2,1.8
6.85,5,car,140.000,-4.000,0.0000,0.000,4.2,1.8
6.95,1,bus,95.000,3.650,0.0000,0.000,11.0,2.6
6.95,2,pedestrian,101.400,6.200,-1.5708,0.000,0.5,0.5
6.95,3,auto,93.122,-2.642,3.1897,5.990,2.8,1.4
6.95,4,car,60.000,-4.000,0.0000,0.000,4.2,1.8
6.95,5,car,140.000,-4.000,0.0000,0.000,4.2,1.8
7.05,1,bus,95.000,3.650,0.0000,0.000,11.0,2.6
7.05,2,pedestrian,101.400,6.200,-1.5708,0.000,0.5,0.5
7.05,3,auto,92.524,-2.606,3.1215,5.966,2.8,1.4
7.05,4,car,60.000,-4.000,0.0000,0.000,4.2,1.8
7.05,5,car,140.000,-4.000,0.0000,0.000,4.2,1.8
7.15,1,bus,95.000,3.650,0.0000,0.000,11.0,2.6
7.15,2,pedestrian,101.400,6.200,-1.5708,0.000,0.5,0.5
7.15,3,auto,91.929,-2.564,3.0410,5.942,2.8,1.4
7.15,4,car,60.000,-4.000,0.0000,0.000,4.2,1.8
7.15,5,car,140.000,-4.000,0.0000,0.000,4.2,1.8
7.25,1,bus,95.000,3.650,0.0000,0.000,11.0,2.6
7.25,2,pedestrian,101.400,6.200,-1.5708,0.000,0.5,0.5
7.25,3,auto,91.336,-2.564,3.2426,5.919,2.8,1.4
7.25,4,car,60.000,-4.000,0.0000,0.000,4.2,1.8
7.25,5,car,140.000,-4.000,0.0000,0.000,4.2,1.8
7.35,1,bus,95.000,3.650,0.0000,0.000,11.0,2.6
7.35,2,pedestrian,101.400,6.200,-1.5708,0.000,0.5,0.5
7.35,3,auto,90.745,-2.569,3.1950,5.895,2.8,1.4
7.35,4,car,60.000,-4.000,0.0000,0.000,4.2,1.8
7.35,5,car,140.000,-4.000,0.0000,0.000,4.2,1.8
7.45,1,bus,95.000,3.650,0.0000,0.000,11.0,2.6
7.45,2,pedestrian,101.400,6.200,-1.5708,0.000,0.5,0.5
7.45,3,auto,90.157,-2.629,3.2434,5.872,2.8,1.4
7.45,4,car,60.000,-4.000,0.0000,0.000,4.2,1.8
7.45,5,car,140.000,-4.000,0.0000,0.000,4.2,1.8
7.55,1,bus,95.000,3.650,0.0000,0.000,11.0,2.6
7.55,2,pedestrian,101.400,6.200,-1.5708,0.000,0.5,0.5
7.55,3,auto,89.571,-2.635,3.1081,5.848,2.8,1.4
7.55,4,car,60.000,-4.000,0.0000,0.000,4.2,1.8
7.55,5,car,140.000,-4.000,0.0000,0.000,4.2,1.8
7.65,1,bus,95.000,3.650,0.0000,0.000,11.0,2.6
7.65,2,pedestrian,101.400,6.200,-1.5708,0.000,0.5,0.5
7.65,3,auto,88.987,-2.575,3.0389,5.824,2.8,1.4
7.65,4,car,60.000,-4.000,0.0000,0.000,4.2,1.8
7.65,5,car,140.000,-4.000,0.0000,0.000,4.2,1.8
7.75,1,bus,95.000,3.650,0.0000,0.000,11.0,2.6
7.75,2,pedestrian,101.400,6.200,-1.5708,0.000,0.5,0.5
7.75,3,auto,88.406,-2.524,3.0642,5.799,2.8,1.4
7.75,4,car,60.000,-4.000,0.0000,0.000,4.2,1.8
7.75,5,car,140.000,-4.000,0.0000,0.000,4.2,1.8
7.85,1,bus,95.000,3.650,0.0000,0.000,11.0,2.6
7.85,2,pedestrian,101.400,6.200,-1.5708,0.000,0.5,0.5
7.85,3,auto,87.827,-2.473,3.0713,5.774,2.8,1.4
7.85,4,car,60.000,-4.000,0.0000,0.000,4.2,1.8
7.85,5,car,140.000,-4.000,0.0000,0.000,4.2,1.8
7.95,1,bus,95.000,3.650,0.0000,0.000,11.0,2.6
7.95,2,pedestrian,101.400,6.200,-1.5708,0.000,0.5,0.5
7.95,3,auto,87.251,-2.477,3.2456,5.748,2.8,1.4
7.95,4,car,60.000,-4.000,0.0000,0.000,4.2,1.8
7.95,5,car,140.000,-4.000,0.0000,0.000,4.2,1.8
8.05,1,bus,95.000,3.650,0.0000,0.000,11.0,2.6
8.05,2,pedestrian,101.400,6.200,-1.5708,0.000,0.5,0.5
8.05,3,auto,86.678,-2.417,3.0371,5.721,2.8,1.4
8.05,4,car,60.000,-4.000,0.0000,0.000,4.2,1.8
8.05,5,car,140.000,-4.000,0.0000,0.000,4.2,1.8
8.15,1,bus,95.000,3.650,0.0000,0.000,11.0,2.6
8.15,2,pedestrian,101.400,6.200,-1.5708,0.000,0.5,0.5
8.15,3,auto,86.107,-2.451,3.2079,5.694,2.8,1.4
8.15,4,car,60.000,-4.000,0.0000,0.000,4.2,1.8
8.15,5,car,140.000,-4.000,0.0000,0.000,4.2,1.8
8.25,1,bus,95.000,3.650,0.0000,0.000,11.0,2.6
8.25,2,pedestrian,101.400,6.200,-1.5708,0.000,0.5,0.5
8.25,3,auto,85.539,-2.449,3.1778,5.665,2.8,1.4
8.25,4,car,60.000,-4.000,0.0000,0.000,4.2,1.8
8.25,5,car,140.000,-4.000,0.0000,0.000,4.2,1.8
8.35,1,bus,95.000,3.650,0.0000,0.000,11.0,2.6
8.35,2,pedestrian,101.400,6.200,-1.5708,0.000,0.5,0.5
8.35,3,auto,84.974,-2.509,3.2477,5.636,2.8,1.4
8.35,4,car,60.000,-4.000,0.0000,0.000,4.2,1.8
8.35,5,car,140.000,-4.000,0.0000,0.000,4.2,1.8
8.45,1,bus,95.000,3.650,0.0000,0.000,11.0,2.6
8.45,2,pedestrian,101.400,6.200,-1.5708,0.000,0.5,0.5
8.45,3,auto,84.412,-2.509,3.0349,5.605,2.8,1.4
8.45,4,car,60.000,-4.000,0.0000,0.000,4.2,1.8
8.45,5,car,140.000,-4.000,0.0000,0.000,4.2,1.8
8.55,1,bus,95.000,3.650,0.0000,0.000,11.0,2.6
8.55,2,pedestrian,101.400,6.200,-1.5708,0.000,0.5,0.5
8.55,3,auto,83.853,-2.449,3.0343,5.573,2.8,1.4
8.55,4,car,60.000,-4.000,0.0000,0.000,4.2,1.8
8.55,5,car,140.000,-4.000,0.0000,0.000,4.2,1.8
8.65,1,bus,95.000,3.650,0.0000,0.000,11.0,2.6
8.65,2,pedestrian,101.400,6.200,-1.5708,0.000,0.5,0.5
8.65,3,auto,83.298,-2.389,3.0337,5.539,2.8,1.4
8.65,4,car,60.000,-4.000,0.0000,0.000,4.2,1.8
8.65,5,car,140.000,-4.000,0.0000,0.000,4.2,1.8
8.75,1,bus,95.000,3.650,0.0000,0.000,11.0,2.6
8.75,2,pedestrian,101.400,6.200,-1.5708,0.000,0.5,0.5
8.75,3,auto,82.746,-2.363,3.0330,5.504,2.8,1.4
8.75,4,car,60.000,-4.000,0.0000,0.000,4.2,1.8
8.75,5,car,140.000,-4.000,0.0000,0.000,4.2,1.8
8.85,1,bus,95.000,3.650,0.0000,0.000,11.0,2.6
8.85,2,pedestrian,101.400,5.974,-1.5708,2.260,0.5,0.5
8.85,3,auto,82.197,-2.423,3.2509,5.467,2.8,1.4
8.85,4,car,60.000,-4.000,0.0000,0.000,4.2,1.8
8.85,5,car,140.000,-4.000,0.0000,0.000,4.2,1.8
8.95,1,bus,95.000,3.650,0.0000,0.000,11.0,2.6
8.95,2,pedestrian,101.400,5.748,-1.5708,2.260,0.5,0.5
8.95,3,auto,81.652,-2.427,3.1786,5.428,2.8,1.4
8.95,4,car,60.000,-4.000,0.0000,0.000,4.2,1.8
8.95,5,car,140.000,-4.000,0.0000,0.000,4.2,1.8
9.05,1,bus,95.000,3.650,0.0000,0.000,11.0,2.6
9.05,2,pedestrian,101.400,5.522,-1.5708,2.260,0.5,0.5
9.05,3,auto,81.111,-2.487,3.2525,5.387,2.8,1.4
9.05,4,car,60.000,-4.000,0.0000,0.000,4.2,1.8
9.05,5,car,140.000,-4.000,0.0000,0.000,4.2,1.8
9.15,1,bus,95.000,3.650,0.0000,0.000,11.0,2.6
9.15,2,pedestrian,101.400,5.296,-1.5708,2.260,0.5,0.5
9.15,3,auto,80.575,-2.487,3.0298,5.344,2.8,1.4
9.15,4,car,60.000,-4.000,0.0000,0.000,4.2,1.8
9.15,5,car,140.000,-4.000,0.0000,0.000,4.2,1.8
9.25,1,bus,95.000,3.650,0.0000,0.000,11.0,2.6
9.25,2,pedestrian,101.400,5.070,-1.5708,2.260,0.5,0.5
9.25,3,auto,80.043,-2.427,3.0288,5.299,2.8,1.4
9.25,4,car,60.000,-4.000,0.0000,0.000,4.2,1.8
9.25,5,car,140.000,-4.000,0.0000,0.000,4.2,1.8
9.35,1,bus,95.000,3.650,0.0000,0.000,11.0,2.6
9.35,2,pedestrian,101.400,4.844,-1.5708,2.260,0.5,0.5
9.35,3,auto,79.515,-2.367,3.0278,5.252,2.8,1.4
9.35,4,car,60.000,-4.000,0.0000,0.000,4.2,1.8
9.35,5,car,140.000,-4.000,0.0000,0.000,4.2,1.8
9.45,1,bus,95.000,3.650,0.0000,0.000,11.0,2.6
9.45,2,pedestrian,101.400,4.618,-1.5708,2.260,0.5,0.5
9.45,3,auto,78.992,-2.307,3.0267,5.201,2.8,1.4
9.45,4,car,60.000,-4.000,0.0000,0.000,4.2,1.8
9.45,5,car,140.000,-4.000,0.0000,0.000,4.2,1.8
9.55,1,bus,95.000,3.650,0.0000,0.000,11.0,2.6
9.55,2,pedestrian,101.400,4.392,-1.5708,2.260,0.5,0.5
9.55,3,auto,78.473,-2.247,3.0271,5.217,2.8,1.4
9.55,4,car,60.000,-4.000,0.0000,0.000,4.2,1.8
9.55,5,car,140.000,-4.000,0.0000,0.000,4.2,1.8
9.65,1,bus,95.000,3.650,0.0000,0.000,11.0,2.6
9.65,2,pedestrian,101.400,4.166,-1.5708,2.260,0.5,0.5
9.65,3,auto,77.948,-2.231,3.1203,5.296,2.8,1.4
9.65,4,car,60.000,-4.000,0.0000,0.000,4.2,1.8
9.65,5,car,140.000,-4.000,0.0000,0.000,4.2,1.8
9.75,1,bus,95.000,3.650,0.0000,0.000,11.0,2.6
9.75,2,pedestrian,101.400,3.940,-1.5708,2.260,0.5,0.5
9.75,3,auto,77.414,-2.238,3.2436,5.371,2.8,1.4
9.75,4,car,60.000,-4.000,0.0000,0.000,4.2,1.8
9.75,5,car,140.000,-4.000,0.0000,0.000,4.2,1.8
9.85,1,bus,95.000,3.650,0.0000,0.000,11.0,2.6
9.85,2,pedestrian,101.400,3.714,-1.5708,2.260,0.5,0.5
9.85,3,auto,76.873,-2.215,3.1649,5.442,2.8,1.4
9.85,4,car,60.000,-4.000,0.0000,0.000,4.2,1.8
9.85,5,car,140.000,-4.000,0.0000,0.000,4.2,1.8
9.95,1,bus,95.000,3.650,0.0000,0.000,11.0,2.6
9.95,2,pedestrian,101.400,3.488,-1.5708,2.260,0.5,0.5
9.95,3,auto,76.326,-2.155,3.0331,5.509,2.8,1.4
9.95,4,car,60.000,-4.000,0.0000,0.000,4.2,1.8
9.95,5,car,140.000,-4.000,0.0000,0.000,4.2,1.8
10.05,1,bus,95.000,3.650,0.0000,0.000,11.0,2.6
10.05,2,pedestrian,101.400,3.262,-1.5708,2.260,0.5,0.5
10.05,3,auto,75.772,-2.155,3.2489,5.571,2.8,1.4
10.05,4,car,60.000,-4.000,0.0000,0.000,4.2,1.8
10.05,5,car,140.000,-4.000,0.0000,0.000,4.2,1.8
10.15,1,bus,95.000,3.650,0.0000,0.000,11.0,2.6
10.15,2,pedestrian,101.400,3.036,-1.5708,2.260,0.5,0.5
10.15,3,auto,75.212,-2.215,3.2478,5.630,2.8,1.4
10.15,4,car,60.000,-4.000,0.0000,0.000,4.2,1.8
10.15,5,car,140.000,-4.000,0.0000,0.000,4.2,1.8
10.25,1,bus,95.000,3.650,0.0000,0.000,11.0,2.6
10.25,2,pedestrian,101.400,2.810,-1.5708,2.260,0.5,0.5
10.25,3,auto,74.646,-2.275,3.2467,5.685,2.8,1.4
10.25,4,car,60.000,-4.000,0.0000,0.000,4.2,1.8
10.25,5,car,140.000,-4.000,0.0000,0.000,4.2,1.8
10.35,1,bus,95.000,3.650,0.0000,0.000,11.0,2.6
10.35,2,pedestrian,101.400,2.584,-1.5708,2.260,0.5,0.5
10.35,3,auto,74.075,-2.319,3.2458,5.736,2.8,1.4
10.35,4,car,60.000,-4.000,0.0000,0.000,4.2,1.8
10.35,5,car,140.000,-4.000,0.0000,0.000,4.2,1.8
10.45,1,bus,95.000,3.650,0.0000,0.000,11.0,2.6
10.45,2,pedestrian,101.400,2.358,-1.5708,2.260,0.5,0.5
10.45,3,auto,73.513,-2.259,3.0349,5.604,2.8,1.4
10.45,4,car,60.000,-4.000,0.0000,0.000,4.2,1.8
10.45,5,car,140.000,-4.000,0.0000,0.000,4.2,1.8
10.55,1,bus,95.000,3.650,0.0000,0.000,11.0,2.6
10.55,2,pedestrian,101.400,2.132,-1.5972,2.260,0.5,0.5
10.55,3,auto,72.950,-2.205,3.0360,5.661,2.8,1.4
10.55,4,car,60.000,-4.000,0.0000,0.000,4.2,1.8
10.55,5,car,140.000,-4.000,0.0000,0.000,4.2,1.8
10.65,1,bus,95.000,3.650,0.0000,0.000,11.0,2.6
10.65,2,pedestrian,101.396,1.906,-1.6178,2.260,0.5,0.5
10.65,3,auto,72.381,-2.145,3.0370,5.713,2.8,1.4
10.65,4,car,60.000,-4.000,0.0000,0.000,4.2,1.8
10.65,5,car,140.000,-4.000,0.0000,0.000,4.2,1.8
10.75,1,bus,95.000,3.650,0.0000,0.000,11.0,2.6
10.75,2,pedestrian,101.385,1.680,-1.6178,2.260,0.5,0.5
10.75,3,auto,71.807,-2.205,3.2453,5.762,2.8,1.4
10.75,4,car,60.000,-4.000,0.0000,0.000,4.2,1.8
10.75,5,car,140.000,-4.000,0.0000,0.000,4.2,1.8
10.85,1,bus,95.000,3.650,0.0000,0.000,11.0,2.6
10.85,2,pedestrian,101.374,1.454,-1.6178,2.260,0.5,0.5
10.85,3,auto,71.228,-2.265,3.2445,5.808,2.8,1.4
10.85,4,car,60.000,-4.000,0.0000,0.000,4.2,1.8
10.85,5,car,140.000,-4.000,0.0000,0.000,4.2,1.8
10.95,1,bus,95.000,3.650,0.0000,0.000,11.0,2.6
10.95,2,pedestrian,101.364,1.228,-1.6178,2.260,0.5,0.5
10.95,3,auto,70.645,-2.325,3.2438,5.851,2.8,1.4
10.95,4,car,60.000,-4.000,0.0000,0.000,4.2,1.8
10.95,5,car,140.000,-4.000,0.0000,0.000,4.2,1.8
11.05,1,bus,95.000,3.650,0.0000,0.000,11.0,2.6
11.05,2,pedestrian,101.353,1.002,-1.6178,2.260,0.5,0.5
11.05,3,auto,70.099,-2.385,3.2587,5.099,2.8,1.4
11.05,4,car,60.000,-4.000,0.0000,0.000,4.2,1.8
11.05,5,car,140.000,-4.000,0.0000,0.000,4.2,1.8
11.15,1,bus,95.000,3.650,0.0000,0.000,11.0,2.6
11.15,2,pedestrian,101.342,0.777,-1.6178,2.260,0.5,0.5
11.15,3,auto,69.619,-2.356,3.0629,4.521,2.8,1.4
11.15,4,car,60.000,-4.000,0.0000,0.000,4.2,1.8
11.15,5,car,140.000,-4.000,0.0000,0.000,4.2,1.8
11.25,1,bus,95.000,3.650,0.0000,0.000,11.0,2.6
11.25,2,pedestrian,101.332,0.551,-1.6178,2.260,0.5,0.5
11.25,3,auto,69.191,-2.356,2.9946,4.053,2.8,1.4
11.25,4,car,60.000,-4.000,0.0000,0.000,4.2,1.8
11.25,5,car,140.000,-4.000,0.0000,0.000,4.2,1.8
11.35,1,bus,95.000,3.650,0.0000,0.000,11.0,2.6
11.35,2,pedestrian,101.321,0.325,-1.6178,2.260,0.5,0.5
11.35,3,auto,68.806,-2.323,3.1248,3.659,2.8,1.4
11.35,4,car,60.000,-4.000,0.0000,0.000,4.2,1.8
11.35,5,car,140.000,-4.000,0.0000,0.000,4.2,1.8
11.45,1,bus,95.000,3.650,0.0000,0.000,11.0,2.6
11.45,2,pedestrian,101.311,0.099,-1.6178,2.260,0.5,0.5
11.45,3,auto,68.451,-2.296,3.1587,3.551,2.8,1.4
11.45,4,car,60.000,-4.000,0.0000,0.000,4.2,1.8
11.45,5,car,140.000,-4.000,0.0000,0.000,4.2,1.8
11.55,1,bus,95.000,3.650,0.0000,0.000,11.0,2.6
11.55,2,pedestrian,101.300,-0.126,-1.6178,2.260,0.5,0.5
11.55,3,auto,68.089,-2.296,3.2916,3.686,2.8,1.4
11.55,4,car,60.000,-4.000,0.0000,0.000,4.2,1.8
11.55,5,car,140.000,-4.000,0.0000,0.000,4.2,1.8
11.65,1,bus,95.000,3.650,0.0000,0.000,11.0,2.6
11.65,2,pedestrian,101.289,-0.352,-1.6178,2.260,0.5,0.5
11.65,3,auto,67.714,-2.236,2.9916,3.818,2.8,1.4
11.65,4,car,60.000,-4.000,0.0000,0.000,4.2,1.8
11.65,5,car,140.000,-4.000,0.0000,0.000,4.2,1.8
11.75,1,bus,95.000,3.650,0.0000,0.000,11.0,2.6
11.75,2,pedestrian,101.279,-0.578,-1.6178,2.260,0.5,0.5
11.75,3,auto,67.326,-2.219,3.1178,3.947,2.8,1.4
11.75,4,car,60.000,-4.000,0.0000,0.000,4.2,1.8
11.75,5,car,140.000,-4.000,0.0000,0.000,4.2,1.8
11.85,1,bus,95.000,3.650,0.0000,0.000,11.0,2.6
11.85,2,pedestrian,101.268,-0.804,-1.6178,2.260,0.5,0.5
11.85,3,auto,66.925,-2.188,3.1387,4.074,2.8,1.4
11.85,4,car,60.000,-4.000,0.0000,0.000,4.2,1.8
11.85,5,car,140.000,-4.000,0.0000,0.000,4.2,1.8
11.95,1,bus,95.000,3.650,0.0000,0.000,11.0,2.6
11.95,2,pedestrian,101.257,-1.029,-1.6178,2.260,0.5,0.5
11.95,3,auto,66.511,-2.172,3.1220,4.197,2.8,1.4
11.95,4,car,60.000,-4.000,0.0000,0.000,4.2,1.8
11.95,5,car,140.000,-4.000,0.0000,0.000,4.2,1.8
12.05,1,bus,95.000,3.650,0.0000,0.000,11.0,2.6
12.05,2,pedestrian,101.247,-1.255,-1.6178,2.260,0.5,0.5
12.05,3,auto,66.086,-2.174,3.0100,4.317,2.8,1.4
12.05,4,car,60.000,-4.000,0.0000,0.000,4.2,1.8
12.05,5,car,140.000,-4.000,0.0000,0.000,4.2,1.8
12.15,1,bus,95.000,3.650,0.0000,0.000,11.0,2.6
12.15,2,pedestrian,101.236,-1.481,-1.6178,2.260,0.5,0.5
12.15,3,auto,65.648,-2.234,3.2761,4.434,2.8,1.4
12.15,4,car,60.000,-4.000,0.0000,0.000,4.2,1.8
12.15,5,car,140.000,-4.000,0.0000,0.000,4.2,1.8
12.25,1,bus,95.000,3.650,0.0000,0.000,11.0,2.6
12.25,2,pedestrian,101.226,-1.707,-1.6178,2.260,0.5,0.5
12.25,3,auto,65.199,-2.261,3.1830,4.546,2.8,1.4
12.25,4,car,60.000,-4.000,0.0000,0.000,4.2,1.8
12.25,5,car,140.000,-4.000,0.0000,0.000,4.2,1.8
12.35,1,bus,95.000,3.650,0.0000,0.000,11.0,2.6
12.35,2,pedestrian,101.215,-1.933,-1.6178,2.260,0.5,0.5
12.35,3,auto,64.739,-2.321,3.2698,4.655,2.8,1.4
12.35,4,car,60.000,-4.000,0.0000,0.000,4.2,1.8
12.35,5,car,140.000,-4.000,0.0000,0.000,4.2,1.8
12.45,1,bus,95.000,3.650,0.0000,0.000,11.0,2.6
12.45,2,pedestrian,101.204,-2.158,-1.6178,2.260,0.5,0.5
12.45,3,auto,64.313,-2.381,3.2916,3.855,2.8,1.4
12.45,4,car,60.000,-4.000,0.0000,0.000,4.2,1.8
12.45,5,car,140.000,-4.000,0.0000,0.000,4.2,1.8
12.55,1,bus,95.000,3.650,0.0000,0.000,11.0,2.6
12.55,2,pedestrian,101.194,-2.384,-1.6178,2.260,0.5,0.5
12.55,3,auto,63.968,-2.365,3.0965,3.055,2.8,1.4
12.55,4,car,60.000,-4.000,0.0000,0.000,4.2,1.8
12.55,5,car,140.000,-4.000,0.0000,0.000,4.2,1.8
12.65,1,bus,95.000,3.650,0.0000,0.000,11.0,2.6
12.65,2,pedestrian,101.183,-2.610,-1.6178,2.260,0.5,0.5
12.65,3,auto,63.702,-2.330,3.1020,2.255,2.8,1.4
12.65,4,car,60.000,-4.000,0.0000,0.000,4.2,1.8
12.65,5,car,140.000,-4.000,0.0000,0.000,4.2,1.8
12.75,1,bus,95.000,3.650,0.0000,0.000,11.0,2.6
12.75,2,pedestrian,101.172,-2.836,-1.6178,2.260,0.5,0.5
12.75,3,auto,63.517,-2.346,3.2916,1.455,2.8,1.4
12.75,4,car,60.000,-4.000,0.0000,0.000,4.2,1.8
12.75,5,car,140.000,-4.000,0.0000,0.000,4.2,1.8
12.85,1,bus,95.000,3.650,0.0000,0.000,11.0,2.6
12.85,2,pedestrian,101.162,-3.061,-1.6178,2.260,0.5,0.5
12.85,3,auto,63.399,-2.406,3.2916,1.130,2.8,1.4
12.85,4,car,60.000,-4.000,0.0000,0.000,4.2,1.8
12.85,5,car,140.000,-4.000,0.0000,0.000,4.2,1.8
12.95,1,bus,95.000,3.650,0.0000,0.000,11.0,2.6
12.95,2,pedestrian,101.151,-3.287,-1.6178,2.260,0.5,0.5
12.95,3,auto,63.326,-2.450,3.2916,0.330,2.8,1.4
12.95,4,car,60.000,-4.000,0.0000,0.000,4.2,1.8
12.95,5,car,140.000,-4.000,0.0000,0.000,4.2,1.8
13.05,1,bus,95.000,3.650,0.0000,0.000,11.0,2.6
13.05,2,pedestrian,101.141,-3.513,-1.6178,2.260,0.5,0.5
13.05,3,auto,63.318,-2.440,3.1416,0.000,2.8,1.4
13.05,4,car,60.000,-4.000,0.0000,0.000,4.2,1.8
13.05,5,car,140.000,-4.000,0.0000,0.000,4.2,1.8
13.15,1,bus,95.000,3.650,0.0000,0.000,11.0,2.6
13.15,2,pedestrian,101.130,-3.739,-1.6178,2.260,0.5,0.5
13.15,3,auto,63.318,-2.440,3.1416,0.000,2.8,1.4
13.15,4,car,60.000,-4.000,0.0000,0.000,4.2,1.8
13.15,5,car,140.000,-4.000,0.0000,0.000,4.2,1.8
13.25,1,bus,95.000,3.650,0.0000,0.000,11.0,2.6
13.25,2,pedestrian,101.119,-3.965,-1.6178,2.260,0.5,0.5
13.25,3,auto,63.318,-2.440,3.1416,0.000,2.8,1.4
13.25,4,car,60.000,-4.000,0.0000,0.000,4.2,1.8
13.25,5,car,140.000,-4.000,0.0000,0.000,4.2,1.8
13.35,1,bus,95.000,3.650,0.0000,0.000,11.0,2.6
13.35,2,pedestrian,101.109,-4.190,-1.6178,2.260,0.5,0.5
13.35,3,auto,63.318,-2.440,3.1416,0.000,2.8,1.4
13.35,4,car,60.000,-4.000,0.0000,0.000,4.2,1.8
13.35,5,car,140.000,-4.000,0.0000,0.000,4.2,1.8
13.45,1,bus,95.000,3.650,0.0000,0.000,11.0,2.6
13.45,2,pedestrian,101.098,-4.416,-1.6178,2.260,0.5,0.5
13.45,3,auto,63.318,-2.440,3.1416,0.000,2.8,1.4
13.45,4,car,60.000,-4.000,0.0000,0.000,4.2,1.8
13.45,5,car,140.000,-4.000,0.0000,0.000,4.2,1.8
13.55,1,bus,95.000,3.650,0.0000,0.000,11.0,2.6
13.55,2,pedestrian,101.087,-4.642,-1.6178,2.260,0.5,0.5
13.55,3,auto,63.318,-2.440,3.1416,0.000,2.8,1.4
13.55,4,car,60.000,-4.000,0.0000,0.000,4.2,1.8
13.55,5,car,140.000,-4.000,0.0000,0.000,4.2,1.8
13.65,1,bus,95.000,3.650,0.0000,0.000,11.0,2.6
13.65,2,pedestrian,101.077,-4.868,-1.6178,2.260,0.5,0.5
13.65,3,auto,63.318,-2.440,3.1416,0.000,2.8,1.4
13.65,4,car,60.000,-4.000,0.0000,0.000,4.2,1.8
13.65,5,car,140.000,-4.000,0.0000,0.000,4.2,1.8
13.75,1,bus,95.000,3.650,0.0000,0.000,11.0,2.6
13.75,2,pedestrian,101.066,-5.093,-1.6178,2.260,0.5,0.5
13.75,3,auto,63.318,-2.440,3.1416,0.000,2.8,1.4
13.75,4,car,60.000,-4.000,0.0000,0.000,4.2,1.8
13.75,5,car,140.000,-4.000,0.0000,0.000,4.2,1.8
13.85,1,bus,95.000,3.650,0.0000,0.000,11.0,2.6
13.85,2,pedestrian,101.056,-5.319,-1.6178,2.260,0.5,0.5
13.85,3,auto,63.318,-2.440,3.1416,0.000,2.8,1.4
13.85,4,car,60.000,-4.000,0.0000,0.000,4.2,1.8
13.85,5,car,140.000,-4.000,0.0000,0.000,4.2,1.8
13.95,1,bus,95.000,3.650,0.0000,0.000,11.0,2.6
13.95,2,pedestrian,101.045,-5.545,-1.6178,2.260,0.5,0.5
13.95,3,auto,63.318,-2.440,3.1416,0.000,2.8,1.4
13.95,4,car,60.000,-4.000,0.0000,0.000,4.2,1.8
13.95,5,car,140.000,-4.000,0.0000,0.000,4.2,1.8
14.05,1,bus,95.000,3.650,0.0000,0.000,11.0,2.6
14.05,2,pedestrian,101.034,-5.771,-1.6178,2.260,0.5,0.5
14.05,3,auto,63.318,-2.440,3.1416,0.000,2.8,1.4
14.05,4,car,60.000,-4.000,0.0000,0.000,4.2,1.8
14.05,5,car,140.000,-4.000,0.0000,0.000,4.2,1.8
14.15,1,bus,95.000,3.650,0.0000,0.000,11.0,2.6
14.15,2,pedestrian,101.024,-5.997,-1.6178,2.260,0.5,0.5
14.15,3,auto,63.318,-2.440,3.1416,0.000,2.8,1.4
14.15,4,car,60.000,-4.000,0.0000,0.000,4.2,1.8
14.15,5,car,140.000,-4.000,0.0000,0.000,4.2,1.8
14.25,1,bus,95.000,3.650,0.0000,0.000,11.0,2.6
14.25,2,pedestrian,101.013,-6.222,-1.6178,2.260,0.5,0.5
14.25,3,auto,63.318,-2.440,3.1416,0.000,2.8,1.4
14.25,4,car,60.000,-4.000,0.0000,0.000,4.2,1.8
14.25,5,car,140.000,-4.000,0.0000,0.000,4.2,1.8
14.35,1,bus,95.000,3.650,0.0000,0.000,11.0,2.6
14.35,2,pedestrian,101.002,-6.448,-1.6178,2.260,0.5,0.5
14.35,3,auto,63.318,-2.440,3.1416,0.000,2.8,1.4
14.35,4,car,60.000,-4.000,0.0000,0.000,4.2,1.8
14.35,5,car,140.000,-4.000,0.0000,0.000,4.2,1.8
14.45,1,bus,95.000,3.650,0.0000,0.000,11.0,2.6
14.45,2,pedestrian,101.000,-6.500,-1.6178,0.000,0.5,0.5
14.45,3,auto,63.318,-2.440,3.1416,0.000,2.8,1.4
14.45,4,car,60.000,-4.000,0.0000,0.000,4.2,1.8
14.45,5,car,140.000,-4.000,0.0000,0.000,4.2,1.8
14.55,1,bus,95.000,3.650,0.0000,0.000,11.0,2.6
14.55,2,pedestrian,101.000,-6.500,-1.6178,0.000,0.5,0.5
14.55,3,auto,63.318,-2.440,3.1416,0.000,2.8,1.4
14.55,4,car,60.000,-4.000,0.0000,0.000,4.2,1.8
14.55,5,car,140.000,-4.000,0.0000,0.000,4.2,1.8
14.65,1,bus,95.000,3.650,0.0000,0.000,11.0,2.6
14.65,2,pedestrian,101.000,-6.500,-1.6178,0.000,0.5,0.5
14.65,3,auto,63.318,-2.440,3.1416,0.000,2.8,1.4
14.65,4,car,60.000,-4.000,0.0000,0.000,4.2,1.8
14.65,5,car,140.000,-4.000,0.0000,0.000,4.2,1.8
14.75,1,bus,95.000,3.650,0.0000,0.000,11.0,2.6
14.75,2,pedestrian,101.000,-6.500,-1.6178,0.000,0.5,0.5
14.75,3,auto,63.318,-2.440,3.1416,0.000,2.8,1.4
14.75,4,car,60.000,-4.000,0.0000,0.000,4.2,1.8
14.75,5,car,140.000,-4.000,0.0000,0.000,4.2,1.8
14.85,1,bus,95.000,3.650,0.0000,0.000,11.0,2.6
14.85,2,pedestrian,101.000,-6.500,-1.6178,0.000,0.5,0.5
14.85,3,auto,63.318,-2.440,3.1416,0.000,2.8,1.4
14.85,4,car,60.000,-4.000,0.0000,0.000,4.2,1.8
14.85,5,car,140.000,-4.000,0.0000,0.000,4.2,1.8
14.95,1,bus,95.000,3.650,0.0000,0.000,11.0,2.6
14.95,2,pedestrian,101.000,-6.500,-1.6178,0.000,0.5,0.5
14.95,3,auto,63.318,-2.440,3.1416,0.000,2.8,1.4
14.95,4,car,60.000,-4.000,0.0000,0.000,4.2,1.8
14.95,5,car,140.000,-4.000,0.0000,0.000,4.2,1.8
15.05,1,bus,95.000,3.650,0.0000,0.000,11.0,2.6
15.05,2,pedestrian,101.000,-6.500,-1.6178,0.000,0.5,0.5
15.05,3,auto,63.318,-2.440,3.1416,0.000,2.8,1.4
15.05,4,car,60.000,-4.000,0.0000,0.000,4.2,1.8
15.05,5,car,140.000,-4.000,0.0000,0.000,4.2,1.8
15.15,1,bus,95.000,3.650,0.0000,0.000,11.0,2.6
15.15,2,pedestrian,101.000,-6.500,-1.6178,0.000,0.5,0.5
15.15,3,auto,63.318,-2.440,3.1416,0.000,2.8,1.4
15.15,4,car,60.000,-4.000,0.0000,0.000,4.2,1.8
15.15,5,car,140.000,-4.000,0.0000,0.000,4.2,1.8
15.25,1,bus,95.000,3.650,0.0000,0.000,11.0,2.6
15.25,2,pedestrian,101.000,-6.500,-1.6178,0.000,0.5,0.5
15.25,3,auto,63.318,-2.440,3.1416,0.000,2.8,1.4
15.25,4,car,60.000,-4.000,0.0000,0.000,4.2,1.8
15.25,5,car,140.000,-4.000,0.0000,0.000,4.2,1.8
15.35,1,bus,95.000,3.650,0.0000,0.000,11.0,2.6
15.35,2,pedestrian,101.000,-6.500,-1.6178,0.000,0.5,0.5
15.35,3,auto,63.318,-2.440,3.1416,0.000,2.8,1.4
15.35,4,car,60.000,-4.000,0.0000,0.000,4.2,1.8
15.35,5,car,140.000,-4.000,0.0000,0.000,4.2,1.8
15.45,1,bus,95.000,3.650,0.0000,0.000,11.0,2.6
15.45,2,pedestrian,101.000,-6.500,-1.6178,0.000,0.5,0.5
15.45,3,auto,63.318,-2.440,3.1416,0.000,2.8,1.4
15.45,4,car,60.000,-4.000,0.0000,0.000,4.2,1.8
15.45,5,car,140.000,-4.000,0.0000,0.000,4.2,1.8
15.55,1,bus,95.000,3.650,0.0000,0.000,11.0,2.6
15.55,2,pedestrian,101.000,-6.500,-1.6178,0.000,0.5,0.5
15.55,3,auto,63.318,-2.440,3.1416,0.000,2.8,1.4
15.55,4,car,60.000,-4.000,0.0000,0.000,4.2,1.8
15.55,5,car,140.000,-4.000,0.0000,0.000,4.2,1.8
15.65,1,bus,95.000,3.650,0.0000,0.000,11.0,2.6
15.65,2,pedestrian,101.000,-6.500,-1.6178,0.000,0.5,0.5
15.65,3,auto,63.318,-2.440,3.1416,0.000,2.8,1.4
15.65,4,car,60.000,-4.000,0.0000,0.000,4.2,1.8
15.65,5,car,140.000,-4.000,0.0000,0.000,4.2,1.8
15.75,1,bus,95.000,3.650,0.0000,0.000,11.0,2.6
15.75,2,pedestrian,101.000,-6.500,-1.6178,0.000,0.5,0.5
15.75,3,auto,63.318,-2.440,3.1416,0.000,2.8,1.4
15.75,4,car,60.000,-4.000,0.0000,0.000,4.2,1.8
15.75,5,car,140.000,-4.000,0.0000,0.000,4.2,1.8
15.85,1,bus,95.000,3.650,0.0000,0.000,11.0,2.6
15.85,2,pedestrian,101.000,-6.500,-1.6178,0.000,0.5,0.5
15.85,3,auto,63.318,-2.440,3.1416,0.000,2.8,1.4
15.85,4,car,60.000,-4.000,0.0000,0.000,4.2,1.8
15.85,5,car,140.000,-4.000,0.0000,0.000,4.2,1.8
15.95,1,bus,95.000,3.650,0.0000,0.000,11.0,2.6
15.95,2,pedestrian,101.000,-6.500,-1.6178,0.000,0.5,0.5
15.95,3,auto,63.318,-2.440,3.1416,0.000,2.8,1.4
15.95,4,car,60.000,-4.000,0.0000,0.000,4.2,1.8
15.95,5,car,140.000,-4.000,0.0000,0.000,4.2,1.8
16.05,1,bus,95.000,3.650,0.0000,0.000,11.0,2.6
16.05,2,pedestrian,101.000,-6.500,-1.6178,0.000,0.5,0.5
16.05,3,auto,63.318,-2.440,3.1416,0.000,2.8,1.4
16.05,4,car,60.000,-4.000,0.0000,0.000,4.2,1.8
16.05,5,car,140.000,-4.000,0.0000,0.000,4.2,1.8
16.15,1,bus,95.000,3.650,0.0000,0.000,11.0,2.6
16.15,2,pedestrian,101.000,-6.500,-1.6178,0.000,0.5,0.5
16.15,3,auto,63.318,-2.440,3.1416,0.000,2.8,1.4
16.15,4,car,60.000,-4.000,0.0000,0.000,4.2,1.8
16.15,5,car,140.000,-4.000,0.0000,0.000,4.2,1.8
16.25,1,bus,95.000,3.650,0.0000,0.000,11.0,2.6
16.25,2,pedestrian,101.000,-6.500,-1.6178,0.000,0.5,0.5
16.25,3,auto,63.318,-2.440,3.1416,0.000,2.8,1.4
16.25,4,car,60.000,-4.000,0.0000,0.000,4.2,1.8
16.25,5,car,140.000,-4.000,0.0000,0.000,4.2,1.8
16.35,1,bus,95.000,3.650,0.0000,0.000,11.0,2.6
16.35,2,pedestrian,101.000,-6.500,-1.6178,0.000,0.5,0.5
16.35,3,auto,63.318,-2.440,3.1416,0.000,2.8,1.4
16.35,4,car,60.000,-4.000,0.0000,0.000,4.2,1.8
16.35,5,car,140.000,-4.000,0.0000,0.000,4.2,1.8
16.45,1,bus,95.000,3.650,0.0000,0.000,11.0,2.6
16.45,2,pedestrian,101.000,-6.500,-1.6178,0.000,0.5,0.5
16.45,3,auto,63.318,-2.440,3.1416,0.000,2.8,1.4
16.45,4,car,60.000,-4.000,0.0000,0.000,4.2,1.8
16.45,5,car,140.000,-4.000,0.0000,0.000,4.2,1.8
16.55,1,bus,95.000,3.650,0.0000,0.000,11.0,2.6
16.55,2,pedestrian,101.000,-6.500,-1.6178,0.000,0.5,0.5
16.55,3,auto,63.318,-2.440,3.1416,0.000,2.8,1.4
16.55,4,car,60.000,-4.000,0.0000,0.000,4.2,1.8
16.55,5,car,140.000,-4.000,0.0000,0.000,4.2,1.8
16.65,1,bus,95.000,3.650,0.0000,0.000,11.0,2.6
16.65,2,pedestrian,101.000,-6.500,-1.6178,0.000,0.5,0.5
16.65,3,auto,63.318,-2.440,3.1416,0.000,2.8,1.4
16.65,4,car,60.000,-4.000,0.0000,0.000,4.2,1.8
16.65,5,car,140.000,-4.000,0.0000,0.000,4.2,1.8
16.75,1,bus,95.000,3.650,0.0000,0.000,11.0,2.6
16.75,2,pedestrian,101.000,-6.500,-1.6178,0.000,0.5,0.5
16.75,3,auto,63.318,-2.440,3.1416,0.000,2.8,1.4
16.75,4,car,60.000,-4.000,0.0000,0.000,4.2,1.8
16.75,5,car,140.000,-4.000,0.0000,0.000,4.2,1.8
16.85,1,bus,95.000,3.650,0.0000,0.000,11.0,2.6
16.85,2,pedestrian,101.000,-6.500,-1.6178,0.000,0.5,0.5
16.85,3,auto,63.318,-2.440,3.1416,0.000,2.8,1.4
16.85,4,car,60.000,-4.000,0.0000,0.000,4.2,1.8
16.85,5,car,140.000,-4.000,0.0000,0.000,4.2,1.8
16.95,1,bus,95.000,3.650,0.0000,0.000,11.0,2.6
16.95,2,pedestrian,101.000,-6.500,-1.6178,0.000,0.5,0.5
16.95,3,auto,63.318,-2.440,3.1416,0.000,2.8,1.4
16.95,4,car,60.000,-4.000,0.0000,0.000,4.2,1.8
16.95,5,car,140.000,-4.000,0.0000,0.000,4.2,1.8
17.05,1,bus,95.000,3.650,0.0000,0.000,11.0,2.6
17.05,2,pedestrian,101.000,-6.500,-1.6178,0.000,0.5,0.5
17.05,3,auto,63.318,-2.440,3.1416,0.000,2.8,1.4
17.05,4,car,60.000,-4.000,0.0000,0.000,4.2,1.8
17.05,5,car,140.000,-4.000,0.0000,0.000,4.2,1.8
17.15,1,bus,95.000,3.650,0.0000,0.000,11.0,2.6
17.15,2,pedestrian,101.000,-6.500,-1.6178,0.000,0.5,0.5
17.15,3,auto,63.318,-2.440,3.1416,0.000,2.8,1.4
17.15,4,car,60.000,-4.000,0.0000,0.000,4.2,1.8
17.15,5,car,140.000,-4.000,0.0000,0.000,4.2,1.8
17.25,1,bus,95.000,3.650,0.0000,0.000,11.0,2.6
17.25,2,pedestrian,101.000,-6.500,-1.6178,0.000,0.5,0.5
17.25,3,auto,63.318,-2.440,3.1416,0.000,2.8,1.4
17.25,4,car,60.000,-4.000,0.0000,0.000,4.2,1.8
17.25,5,car,140.000,-4.000,0.0000,0.000,4.2,1.8
17.35,1,bus,95.000,3.650,0.0000,0.000,11.0,2.6
17.35,2,pedestrian,101.000,-6.500,-1.6178,0.000,0.5,0.5
17.35,3,auto,63.318,-2.440,3.1416,0.000,2.8,1.4
17.35,4,car,60.000,-4.000,0.0000,0.000,4.2,1.8
17.35,5,car,140.000,-4.000,0.0000,0.000,4.2,1.8
17.45,1,bus,95.000,3.650,0.0000,0.000,11.0,2.6
17.45,2,pedestrian,101.000,-6.500,-1.6178,0.000,0.5,0.5
17.45,3,auto,63.318,-2.440,3.1416,0.000,2.8,1.4
17.45,4,car,60.000,-4.000,0.0000,0.000,4.2,1.8
17.45,5,car,140.000,-4.000,0.0000,0.000,4.2,1.8
17.55,1,bus,95.000,3.650,0.0000,0.000,11.0,2.6
17.55,2,pedestrian,101.000,-6.500,-1.6178,0.000,0.5,0.5
17.55,3,auto,63.318,-2.440,3.1416,0.000,2.8,1.4
17.55,4,car,60.000,-4.000,0.0000,0.000,4.2,1.8
17.55,5,car,140.000,-4.000,0.0000,0.000,4.2,1.8
17.65,1,bus,95.000,3.650,0.0000,0.000,11.0,2.6
17.65,2,pedestrian,101.000,-6.500,-1.6178,0.000,0.5,0.5
17.65,3,auto,63.318,-2.440,3.1416,0.000,2.8,1.4
17.65,4,car,60.000,-4.000,0.0000,0.000,4.2,1.8
17.65,5,car,140.000,-4.000,0.0000,0.000,4.2,1.8
17.75,1,bus,95.000,3.650,0.0000,0.000,11.0,2.6
17.75,2,pedestrian,101.000,-6.500,-1.6178,0.000,0.5,0.5
17.75,3,auto,63.318,-2.440,3.1416,0.000,2.8,1.4
17.75,4,car,60.000,-4.000,0.0000,0.000,4.2,1.8
17.75,5,car,140.000,-4.000,0.0000,0.000,4.2,1.8
17.85,1,bus,95.000,3.650,0.0000,0.000,11.0,2.6
17.85,2,pedestrian,101.000,-6.500,-1.6178,0.000,0.5,0.5
17.85,3,auto,63.318,-2.440,3.1416,0.000,2.8,1.4
17.85,4,car,60.000,-4.000,0.0000,0.000,4.2,1.8
17.85,5,car,140.000,-4.000,0.0000,0.000,4.2,1.8
17.95,1,bus,95.000,3.650,0.0000,0.000,11.0,2.6
17.95,2,pedestrian,101.000,-6.500,-1.6178,0.000,0.5,0.5
17.95,3,auto,63.318,-2.440,3.1416,0.000,2.8,1.4
17.95,4,car,60.000,-4.000,0.0000,0.000,4.2,1.8
17.95,5,car,140.000,-4.000,0.0000,0.000,4.2,1.8
18.05,1,bus,95.000,3.650,0.0000,0.000,11.0,2.6
18.05,2,pedestrian,101.000,-6.500,-1.6178,0.000,0.5,0.5
18.05,3,auto,63.318,-2.440,3.1416,0.000,2.8,1.4
18.05,4,car,60.000,-4.000,0.0000,0.000,4.2,1.8
18.05,5,car,140.000,-4.000,0.0000,0.000,4.2,1.8
18.15,1,bus,95.000,3.650,0.0000,0.000,11.0,2.6
18.15,2,pedestrian,101.000,-6.500,-1.6178,0.000,0.5,0.5
18.15,3,auto,63.318,-2.440,3.1416,0.000,2.8,1.4
18.15,4,car,60.000,-4.000,0.0000,0.000,4.2,1.8
18.15,5,car,140.000,-4.000,0.0000,0.000,4.2,1.8
18.25,1,bus,95.000,3.650,0.0000,0.000,11.0,2.6
18.25,2,pedestrian,101.000,-6.500,-1.6178,0.000,0.5,0.5
18.25,3,auto,63.318,-2.440,3.1416,0.000,2.8,1.4
18.25,4,car,60.000,-4.000,0.0000,0.000,4.2,1.8
18.25,5,car,140.000,-4.000,0.0000,0.000,4.2,1.8
18.35,1,bus,95.000,3.650,0.0000,0.000,11.0,2.6
18.35,2,pedestrian,101.000,-6.500,-1.6178,0.000,0.5,0.5
18.35,3,auto,63.318,-2.440,3.1416,0.000,2.8,1.4
18.35,4,car,60.000,-4.000,0.0000,0.000,4.2,1.8
18.35,5,car,140.000,-4.000,0.0000,0.000,4.2,1.8
18.45,1,bus,95.000,3.650,0.0000,0.000,11.0,2.6
18.45,2,pedestrian,101.000,-6.500,-1.6178,0.000,0.5,0.5
18.45,3,auto,63.318,-2.440,3.1416,0.000,2.8,1.4
18.45,4,car,60.000,-4.000,0.0000,0.000,4.2,1.8
18.45,5,car,140.000,-4.000,0.0000,0.000,4.2,1.8
18.55,1,bus,95.000,3.650,0.0000,0.000,11.0,2.6
18.55,2,pedestrian,101.000,-6.500,-1.6178,0.000,0.5,0.5
18.55,3,auto,63.318,-2.440,3.1416,0.000,2.8,1.4
18.55,4,car,60.000,-4.000,0.0000,0.000,4.2,1.8
18.55,5,car,140.000,-4.000,0.0000,0.000,4.2,1.8
18.65,1,bus,95.000,3.650,0.0000,0.000,11.0,2.6
18.65,2,pedestrian,101.000,-6.500,-1.6178,0.000,0.5,0.5
18.65,3,auto,63.318,-2.440,3.1416,0.000,2.8,1.4
18.65,4,car,60.000,-4.000,0.0000,0.000,4.2,1.8
18.65,5,car,140.000,-4.000,0.0000,0.000,4.2,1.8
18.75,1,bus,95.000,3.650,0.0000,0.000,11.0,2.6
18.75,2,pedestrian,101.000,-6.500,-1.6178,0.000,0.5,0.5
18.75,3,auto,63.318,-2.440,3.1416,0.000,2.8,1.4
18.75,4,car,60.000,-4.000,0.0000,0.000,4.2,1.8
18.75,5,car,140.000,-4.000,0.0000,0.000,4.2,1.8
18.85,1,bus,95.000,3.650,0.0000,0.000,11.0,2.6
18.85,2,pedestrian,101.000,-6.500,-1.6178,0.000,0.5,0.5
18.85,3,auto,63.318,-2.440,3.1416,0.000,2.8,1.4
18.85,4,car,60.000,-4.000,0.0000,0.000,4.2,1.8
18.85,5,car,140.000,-4.000,0.0000,0.000,4.2,1.8
18.95,1,bus,95.000,3.650,0.0000,0.000,11.0,2.6
18.95,2,pedestrian,101.000,-6.500,-1.6178,0.000,0.5,0.5
18.95,3,auto,63.318,-2.440,3.1416,0.000,2.8,1.4
18.95,4,car,60.000,-4.000,0.0000,0.000,4.2,1.8
18.95,5,car,140.000,-4.000,0.0000,0.000,4.2,1.8
19.05,1,bus,95.000,3.650,0.0000,0.000,11.0,2.6
19.05,2,pedestrian,101.000,-6.500,-1.6178,0.000,0.5,0.5
19.05,3,auto,63.318,-2.440,3.1416,0.000,2.8,1.4
19.05,4,car,60.000,-4.000,0.0000,0.000,4.2,1.8
19.05,5,car,140.000,-4.000,0.0000,0.000,4.2,1.8
19.15,1,bus,95.000,3.650,0.0000,0.000,11.0,2.6
19.15,2,pedestrian,101.000,-6.500,-1.6178,0.000,0.5,0.5
19.15,3,auto,63.318,-2.440,3.1416,0.000,2.8,1.4
19.15,4,car,60.000,-4.000,0.0000,0.000,4.2,1.8
19.15,5,car,140.000,-4.000,0.0000,0.000,4.2,1.8
19.25,1,bus,95.000,3.650,0.0000,0.000,11.0,2.6
19.25,2,pedestrian,101.000,-6.500,-1.6178,0.000,0.5,0.5
19.25,3,auto,63.318,-2.440,3.1416,0.000,2.8,1.4
19.25,4,car,60.000,-4.000,0.0000,0.000,4.2,1.8
19.25,5,car,140.000,-4.000,0.0000,0.000,4.2,1.8
19.35,1,bus,95.000,3.650,0.0000,0.000,11.0,2.6
19.35,2,pedestrian,101.000,-6.500,-1.6178,0.000,0.5,0.5
19.35,3,auto,63.318,-2.440,3.1416,0.000,2.8,1.4
19.35,4,car,60.000,-4.000,0.0000,0.000,4.2,1.8
19.35,5,car,140.000,-4.000,0.0000,0.000,4.2,1.8
19.45,1,bus,95.000,3.650,0.0000,0.000,11.0,2.6
19.45,2,pedestrian,101.000,-6.500,-1.6178,0.000,0.5,0.5
19.45,3,auto,63.318,-2.440,3.1416,0.000,2.8,1.4
19.45,4,car,60.000,-4.000,0.0000,0.000,4.2,1.8
19.45,5,car,140.000,-4.000,0.0000,0.000,4.2,1.8
19.55,1,bus,95.000,3.650,0.0000,0.000,11.0,2.6
19.55,2,pedestrian,101.000,-6.500,-1.6178,0.000,0.5,0.5
19.55,3,auto,63.318,-2.440,3.1416,0.000,2.8,1.4
19.55,4,car,60.000,-4.000,0.0000,0.000,4.2,1.8
19.55,5,car,140.000,-4.000,0.0000,0.000,4.2,1.8
19.65,1,bus,95.000,3.650,0.0000,0.000,11.0,2.6
19.65,2,pedestrian,101.000,-6.500,-1.6178,0.000,0.5,0.5
19.65,3,auto,63.318,-2.440,3.1416,0.000,2.8,1.4
19.65,4,car,60.000,-4.000,0.0000,0.000,4.2,1.8
19.65,5,car,140.000,-4.000,0.0000,0.000,4.2,1.8
19.75,1,bus,95.000,3.650,0.0000,0.000,11.0,2.6
19.75,2,pedestrian,101.000,-6.500,-1.6178,0.000,0.5,0.5
19.75,3,auto,63.318,-2.440,3.1416,0.000,2.8,1.4
19.75,4,car,60.000,-4.000,0.0000,0.000,4.2,1.8
19.75,5,car,140.000,-4.000,0.0000,0.000,4.2,1.8
19.85,1,bus,95.000,3.650,0.0000,0.000,11.0,2.6
19.85,2,pedestrian,101.000,-6.500,-1.6178,0.000,0.5,0.5
19.85,3,auto,63.318,-2.440,3.1416,0.000,2.8,1.4
19.85,4,car,60.000,-4.000,0.0000,0.000,4.2,1.8
19.85,5,car,140.000,-4.000,0.0000,0.000,4.2,1.8
19.95,1,bus,95.000,3.650,0.0000,0.000,11.0,2.6
19.95,2,pedestrian,101.000,-6.500,-1.6178,0.000,0.5,0.5
19.95,3,auto,63.318,-2.440,3.1416,0.000,2.8,1.4
19.95,4,car,60.000,-4.000,0.0000,0.000,4.2,1.8
19.95,5,car,140.000,-4.000,0.0000,0.000,4.2,1.8
20.05,1,bus,95.000,3.650,0.0000,0.000,11.0,2.6
20.05,2,pedestrian,101.000,-6.500,-1.6178,0.000,0.5,0.5
20.05,3,auto,63.318,-2.440,3.1416,0.000,2.8,1.4
20.05,4,car,60.000,-4.000,0.0000,0.000,4.2,1.8
20.05,5,car,140.000,-4.000,0.0000,0.000,4.2,1.8
20.15,1,bus,95.000,3.650,0.0000,0.000,11.0,2.6
20.15,2,pedestrian,101.000,-6.500,-1.6178,0.000,0.5,0.5
20.15,3,auto,63.318,-2.440,3.1416,0.000,2.8,1.4
20.15,4,car,60.000,-4.000,0.0000,0.000,4.2,1.8
20.15,5,car,140.000,-4.000,0.0000,0.000,4.2,1.8
20.25,1,bus,95.000,3.650,0.0000,0.000,11.0,2.6
20.25,2,pedestrian,101.000,-6.500,-1.6178,0.000,0.5,0.5
20.25,3,auto,63.318,-2.440,3.1416,0.000,2.8,1.4
20.25,4,car,60.000,-4.000,0.0000,0.000,4.2,1.8
20.25,5,car,140.000,-4.000,0.0000,0.000,4.2,1.8
20.35,1,bus,95.000,3.650,0.0000,0.000,11.0,2.6
20.35,2,pedestrian,101.000,-6.500,-1.6178,0.000,0.5,0.5
20.35,3,auto,63.318,-2.440,3.1416,0.000,2.8,1.4
20.35,4,car,60.000,-4.000,0.0000,0.000,4.2,1.8
20.35,5,car,140.000,-4.000,0.0000,0.000,4.2,1.8
20.45,1,bus,95.000,3.650,0.0000,0.000,11.0,2.6
20.45,2,pedestrian,101.000,-6.500,-1.6178,0.000,0.5,0.5
20.45,3,auto,63.318,-2.440,3.1416,0.000,2.8,1.4
20.45,4,car,60.000,-4.000,0.0000,0.000,4.2,1.8
20.45,5,car,140.000,-4.000,0.0000,0.000,4.2,1.8
20.55,1,bus,95.000,3.650,0.0000,0.000,11.0,2.6
20.55,2,pedestrian,101.000,-6.500,-1.6178,0.000,0.5,0.5
20.55,3,auto,63.318,-2.440,3.1416,0.000,2.8,1.4
20.55,4,car,60.000,-4.000,0.0000,0.000,4.2,1.8
20.55,5,car,140.000,-4.000,0.0000,0.000,4.2,1.8
20.65,1,bus,95.000,3.650,0.0000,0.000,11.0,2.6
20.65,2,pedestrian,101.000,-6.500,-1.6178,0.000,0.5,0.5
20.65,3,auto,63.318,-2.440,3.1416,0.000,2.8,1.4
20.65,4,car,60.000,-4.000,0.0000,0.000,4.2,1.8
20.65,5,car,140.000,-4.000,0.0000,0.000,4.2,1.8
20.75,1,bus,95.000,3.650,0.0000,0.000,11.0,2.6
20.75,2,pedestrian,101.000,-6.500,-1.6178,0.000,0.5,0.5
20.75,3,auto,63.318,-2.440,3.1416,0.000,2.8,1.4
20.75,4,car,60.000,-4.000,0.0000,0.000,4.2,1.8
20.75,5,car,140.000,-4.000,0.0000,0.000,4.2,1.8
20.85,1,bus,95.000,3.650,0.0000,0.000,11.0,2.6
20.85,2,pedestrian,101.000,-6.500,-1.6178,0.000,0.5,0.5
20.85,3,auto,63.318,-2.440,3.1416,0.000,2.8,1.4
20.85,4,car,60.000,-4.000,0.0000,0.000,4.2,1.8
20.85,5,car,140.000,-4.000,0.0000,0.000,4.2,1.8
20.95,1,bus,95.000,3.650,0.0000,0.000,11.0,2.6
20.95,2,pedestrian,101.000,-6.500,-1.6178,0.000,0.5,0.5
20.95,3,auto,63.318,-2.440,3.1416,0.000,2.8,1.4
20.95,4,car,60.000,-4.000,0.0000,0.000,4.2,1.8
20.95,5,car,140.000,-4.000,0.0000,0.000,4.2,1.8
21.05,1,bus,95.000,3.650,0.0000,0.000,11.0,2.6
21.05,2,pedestrian,101.000,-6.500,-1.6178,0.000,0.5,0.5
21.05,3,auto,63.318,-2.440,3.1416,0.000,2.8,1.4
21.05,4,car,60.000,-4.000,0.0000,0.000,4.2,1.8
21.05,5,car,140.000,-4.000,0.0000,0.000,4.2,1.8
21.15,1,bus,95.000,3.650,0.0000,0.000,11.0,2.6
21.15,2,pedestrian,101.000,-6.500,-1.6178,0.000,0.5,0.5
21.15,3,auto,63.318,-2.440,3.1416,0.000,2.8,1.4
21.15,4,car,60.000,-4.000,0.0000,0.000,4.2,1.8
21.15,5,car,140.000,-4.000,0.0000,0.000,4.2,1.8
21.25,1,bus,95.000,3.650,0.0000,0.000,11.0,2.6
21.25,2,pedestrian,101.000,-6.500,-1.6178,0.000,0.5,0.5
21.25,3,auto,63.318,-2.440,3.1416,0.000,2.8,1.4
21.25,4,car,60.000,-4.000,0.0000,0.000,4.2,1.8
21.25,5,car,140.000,-4.000,0.0000,0.000,4.2,1.8
21.35,1,bus,95.000,3.650,0.0000,0.000,11.0,2.6
21.35,2,pedestrian,101.000,-6.500,-1.6178,0.000,0.5,0.5
21.35,3,auto,63.318,-2.440,3.1416,0.000,2.8,1.4
21.35,4,car,60.000,-4.000,0.0000,0.000,4.2,1.8
21.35,5,car,140.000,-4.000,0.0000,0.000,4.2,1.8
21.45,1,bus,95.000,3.650,0.0000,0.000,11.0,2.6
21.45,2,pedestrian,101.000,-6.500,-1.6178,0.000,0.5,0.5
21.45,3,auto,63.318,-2.440,3.1416,0.000,2.8,1.4
21.45,4,car,60.000,-4.000,0.0000,0.000,4.2,1.8
21.45,5,car,140.000,-4.000,0.0000,0.000,4.2,1.8
21.55,1,bus,95.000,3.650,0.0000,0.000,11.0,2.6
21.55,2,pedestrian,101.000,-6.500,-1.6178,0.000,0.5,0.5
21.55,3,auto,63.318,-2.440,3.1416,0.000,2.8,1.4
21.55,4,car,60.000,-4.000,0.0000,0.000,4.2,1.8
21.55,5,car,140.000,-4.000,0.0000,0.000,4.2,1.8
21.65,1,bus,95.000,3.650,0.0000,0.000,11.0,2.6
21.65,2,pedestrian,101.000,-6.500,-1.6178,0.000,0.5,0.5
21.65,3,auto,63.318,-2.440,3.1416,0.000,2.8,1.4
21.65,4,car,60.000,-4.000,0.0000,0.000,4.2,1.8
21.65,5,car,140.000,-4.000,0.0000,0.000,4.2,1.8
21.75,1,bus,95.000,3.650,0.0000,0.000,11.0,2.6
21.75,2,pedestrian,101.000,-6.500,-1.6178,0.000,0.5,0.5
21.75,3,auto,63.318,-2.440,3.1416,0.000,2.8,1.4
21.75,4,car,60.000,-4.000,0.0000,0.000,4.2,1.8
21.75,5,car,140.000,-4.000,0.0000,0.000,4.2,1.8
21.85,1,bus,95.000,3.650,0.0000,0.000,11.0,2.6
21.85,2,pedestrian,101.000,-6.500,-1.6178,0.000,0.5,0.5
21.85,3,auto,63.318,-2.440,3.1416,0.000,2.8,1.4
21.85,4,car,60.000,-4.000,0.0000,0.000,4.2,1.8
21.85,5,car,140.000,-4.000,0.0000,0.000,4.2,1.8
21.95,1,bus,95.000,3.650,0.0000,0.000,11.0,2.6
21.95,2,pedestrian,101.000,-6.500,-1.6178,0.000,0.5,0.5
21.95,3,auto,63.318,-2.440,3.1416,0.000,2.8,1.4
21.95,4,car,60.000,-4.000,0.0000,0.000,4.2,1.8
21.95,5,car,140.000,-4.000,0.0000,0.000,4.2,1.8
22.05,1,bus,95.000,3.650,0.0000,0.000,11.0,2.6
22.05,2,pedestrian,101.000,-6.500,-1.6178,0.000,0.5,0.5
22.05,3,auto,63.318,-2.440,3.1416,0.000,2.8,1.4
22.05,4,car,60.000,-4.000,0.0000,0.000,4.2,1.8
22.05,5,car,140.000,-4.000,0.0000,0.000,4.2,1.8
22.15,1,bus,95.000,3.650,0.0000,0.000,11.0,2.6
22.15,2,pedestrian,101.000,-6.500,-1.6178,0.000,0.5,0.5
22.15,3,auto,63.318,-2.440,3.1416,0.000,2.8,1.4
22.15,4,car,60.000,-4.000,0.0000,0.000,4.2,1.8
22.15,5,car,140.000,-4.000,0.0000,0.000,4.2,1.8
22.25,1,bus,95.000,3.650,0.0000,0.000,11.0,2.6
22.25,2,pedestrian,101.000,-6.500,-1.6178,0.000,0.5,0.5
22.25,3,auto,63.318,-2.440,3.1416,0.000,2.8,1.4
22.25,4,car,60.000,-4.000,0.0000,0.000,4.2,1.8
22.25,5,car,140.000,-4.000,0.0000,0.000,4.2,1.8
22.35,1,bus,95.000,3.650,0.0000,0.000,11.0,2.6
22.35,2,pedestrian,101.000,-6.500,-1.6178,0.000,0.5,0.5
22.35,3,auto,63.318,-2.440,3.1416,0.000,2.8,1.4
22.35,4,car,60.000,-4.000,0.0000,0.000,4.2,1.8
22.35,5,car,140.000,-4.000,0.0000,0.000,4.2,1.8
22.45,1,bus,95.000,3.650,0.0000,0.000,11.0,2.6
22.45,2,pedestrian,101.000,-6.500,-1.6178,0.000,0.5,0.5
22.45,3,auto,63.318,-2.440,3.1416,0.000,2.8,1.4
22.45,4,car,60.000,-4.000,0.0000,0.000,4.2,1.8
22.45,5,car,140.000,-4.000,0.0000,0.000,4.2,1.8
22.55,1,bus,95.000,3.650,0.0000,0.000,11.0,2.6
22.55,2,pedestrian,101.000,-6.500,-1.6178,0.000,0.5,0.5
22.55,3,auto,63.318,-2.440,3.1416,0.000,2.8,1.4
22.55,4,car,60.000,-4.000,0.0000,0.000,4.2,1.8
22.55,5,car,140.000,-4.000,0.0000,0.000,4.2,1.8
22.65,1,bus,95.000,3.650,0.0000,0.000,11.0,2.6
22.65,2,pedestrian,101.000,-6.500,-1.6178,0.000,0.5,0.5
22.65,3,auto,63.318,-2.440,3.1416,0.000,2.8,1.4
22.65,4,car,60.000,-4.000,0.0000,0.000,4.2,1.8
22.65,5,car,140.000,-4.000,0.0000,0.000,4.2,1.8
22.75,1,bus,95.000,3.650,0.0000,0.000,11.0,2.6
22.75,2,pedestrian,101.000,-6.500,-1.6178,0.000,0.5,0.5
22.75,3,auto,63.318,-2.440,3.1416,0.000,2.8,1.4
22.75,4,car,60.000,-4.000,0.0000,0.000,4.2,1.8
22.75,5,car,140.000,-4.000,0.0000,0.000,4.2,1.8
22.85,1,bus,95.000,3.650,0.0000,0.000,11.0,2.6
22.85,2,pedestrian,101.000,-6.500,-1.6178,0.000,0.5,0.5
22.85,3,auto,63.318,-2.440,3.1416,0.000,2.8,1.4
22.85,4,car,60.000,-4.000,0.0000,0.000,4.2,1.8
22.85,5,car,140.000,-4.000,0.0000,0.000,4.2,1.8
22.95,1,bus,95.000,3.650,0.0000,0.000,11.0,2.6
22.95,2,pedestrian,101.000,-6.500,-1.6178,0.000,0.5,0.5
22.95,3,auto,63.318,-2.440,3.1416,0.000,2.8,1.4
22.95,4,car,60.000,-4.000,0.0000,0.000,4.2,1.8
22.95,5,car,140.000,-4.000,0.0000,0.000,4.2,1.8
23.05,1,bus,95.000,3.650,0.0000,0.000,11.0,2.6
23.05,2,pedestrian,101.000,-6.500,-1.6178,0.000,0.5,0.5
23.05,3,auto,63.318,-2.440,3.1416,0.000,2.8,1.4
23.05,4,car,60.000,-4.000,0.0000,0.000,4.2,1.8
23.05,5,car,140.000,-4.000,0.0000,0.000,4.2,1.8
23.15,1,bus,95.000,3.650,0.0000,0.000,11.0,2.6
23.15,2,pedestrian,101.000,-6.500,-1.6178,0.000,0.5,0.5
23.15,3,auto,63.318,-2.440,3.1416,0.000,2.8,1.4
23.15,4,car,60.000,-4.000,0.0000,0.000,4.2,1.8
23.15,5,car,140.000,-4.000,0.0000,0.000,4.2,1.8
23.25,1,bus,95.000,3.650,0.0000,0.000,11.0,2.6
23.25,2,pedestrian,101.000,-6.500,-1.6178,0.000,0.5,0.5
23.25,3,auto,63.318,-2.440,3.1416,0.000,2.8,1.4
23.25,4,car,60.000,-4.000,0.0000,0.000,4.2,1.8
23.25,5,car,140.000,-4.000,0.0000,0.000,4.2,1.8
23.35,1,bus,95.000,3.650,0.0000,0.000,11.0,2.6
23.35,2,pedestrian,101.000,-6.500,-1.6178,0.000,0.5,0.5
23.35,3,auto,63.318,-2.440,3.1416,0.000,2.8,1.4
23.35,4,car,60.000,-4.000,0.0000,0.000,4.2,1.8
23.35,5,car,140.000,-4.000,0.0000,0.000,4.2,1.8
23.45,1,bus,95.000,3.650,0.0000,0.000,11.0,2.6
23.45,2,pedestrian,101.000,-6.500,-1.6178,0.000,0.5,0.5
23.45,3,auto,63.318,-2.440,3.1416,0.000,2.8,1.4
23.45,4,car,60.000,-4.000,0.0000,0.000,4.2,1.8
23.45,5,car,140.000,-4.000,0.0000,0.000,4.2,1.8
23.55,1,bus,95.000,3.650,0.0000,0.000,11.0,2.6
23.55,2,pedestrian,101.000,-6.500,-1.6178,0.000,0.5,0.5
23.55,3,auto,63.318,-2.440,3.1416,0.000,2.8,1.4
23.55,4,car,60.000,-4.000,0.0000,0.000,4.2,1.8
23.55,5,car,140.000,-4.000,0.0000,0.000,4.2,1.8
23.65,1,bus,95.000,3.650,0.0000,0.000,11.0,2.6
23.65,2,pedestrian,101.000,-6.500,-1.6178,0.000,0.5,0.5
23.65,3,auto,63.318,-2.440,3.1416,0.000,2.8,1.4
23.65,4,car,60.000,-4.000,0.0000,0.000,4.2,1.8
23.65,5,car,140.000,-4.000,0.0000,0.000,4.2,1.8
23.75,1,bus,95.000,3.650,0.0000,0.000,11.0,2.6
23.75,2,pedestrian,101.000,-6.500,-1.6178,0.000,0.5,0.5
23.75,3,auto,63.318,-2.440,3.1416,0.000,2.8,1.4
23.75,4,car,60.000,-4.000,0.0000,0.000,4.2,1.8
23.75,5,car,140.000,-4.000,0.0000,0.000,4.2,1.8
23.85,1,bus,95.000,3.650,0.0000,0.000,11.0,2.6
23.85,2,pedestrian,101.000,-6.500,-1.6178,0.000,0.5,0.5
23.85,3,auto,63.318,-2.440,3.1416,0.000,2.8,1.4
23.85,4,car,60.000,-4.000,0.0000,0.000,4.2,1.8
23.85,5,car,140.000,-4.000,0.0000,0.000,4.2,1.8
23.95,1,bus,95.000,3.650,0.0000,0.000,11.0,2.6
23.95,2,pedestrian,101.000,-6.500,-1.6178,0.000,0.5,0.5
23.95,3,auto,63.318,-2.440,3.1416,0.000,2.8,1.4
23.95,4,car,60.000,-4.000,0.0000,0.000,4.2,1.8
23.95,5,car,140.000,-4.000,0.0000,0.000,4.2,1.8
24.05,1,bus,95.000,3.650,0.0000,0.000,11.0,2.6
24.05,2,pedestrian,101.000,-6.500,-1.6178,0.000,0.5,0.5
24.05,3,auto,63.318,-2.440,3.1416,0.000,2.8,1.4
24.05,4,car,60.000,-4.000,0.0000,0.000,4.2,1.8
24.05,5,car,140.000,-4.000,0.0000,0.000,4.2,1.8
24.15,1,bus,95.000,3.650,0.0000,0.000,11.0,2.6
24.15,2,pedestrian,101.000,-6.500,-1.6178,0.000,0.5,0.5
24.15,3,auto,63.318,-2.440,3.1416,0.000,2.8,1.4
24.15,4,car,60.000,-4.000,0.0000,0.000,4.2,1.8
24.15,5,car,140.000,-4.000,0.0000,0.000,4.2,1.8
24.25,1,bus,95.000,3.650,0.0000,0.000,11.0,2.6
24.25,2,pedestrian,101.000,-6.500,-1.6178,0.000,0.5,0.5
24.25,3,auto,63.318,-2.440,3.1416,0.000,2.8,1.4
24.25,4,car,60.000,-4.000,0.0000,0.000,4.2,1.8
24.25,5,car,140.000,-4.000,0.0000,0.000,4.2,1.8
24.35,1,bus,95.000,3.650,0.0000,0.000,11.0,2.6
24.35,2,pedestrian,101.000,-6.500,-1.6178,0.000,0.5,0.5
24.35,3,auto,63.318,-2.440,3.1416,0.000,2.8,1.4
24.35,4,car,60.000,-4.000,0.0000,0.000,4.2,1.8
24.35,5,car,140.000,-4.000,0.0000,0.000,4.2,1.8
24.45,1,bus,95.000,3.650,0.0000,0.000,11.0,2.6
24.45,2,pedestrian,101.000,-6.500,-1.6178,0.000,0.5,0.5
24.45,3,auto,63.318,-2.440,3.1416,0.000,2.8,1.4
24.45,4,car,60.000,-4.000,0.0000,0.000,4.2,1.8
24.45,5,car,140.000,-4.000,0.0000,0.000,4.2,1.8
24.55,1,bus,95.000,3.650,0.0000,0.000,11.0,2.6
24.55,2,pedestrian,101.000,-6.500,-1.6178,0.000,0.5,0.5
24.55,3,auto,63.318,-2.440,3.1416,0.000,2.8,1.4
24.55,4,car,60.000,-4.000,0.0000,0.000,4.2,1.8
24.55,5,car,140.000,-4.000,0.0000,0.000,4.2,1.8
24.65,1,bus,95.000,3.650,0.0000,0.000,11.0,2.6
24.65,2,pedestrian,101.000,-6.500,-1.6178,0.000,0.5,0.5
24.65,3,auto,63.318,-2.440,3.1416,0.000,2.8,1.4
24.65,4,car,60.000,-4.000,0.0000,0.000,4.2,1.8
24.65,5,car,140.000,-4.000,0.0000,0.000,4.2,1.8
24.75,1,bus,95.000,3.650,0.0000,0.000,11.0,2.6
24.75,2,pedestrian,101.000,-6.500,-1.6178,0.000,0.5,0.5
24.75,3,auto,63.318,-2.440,3.1416,0.000,2.8,1.4
24.75,4,car,60.000,-4.000,0.0000,0.000,4.2,1.8
24.75,5,car,140.000,-4.000,0.0000,0.000,4.2,1.8
24.85,1,bus,95.000,3.650,0.0000,0.000,11.0,2.6
24.85,2,pedestrian,101.000,-6.500,-1.6178,0.000,0.5,0.5
24.85,3,auto,63.318,-2.440,3.1416,0.000,2.8,1.4
24.85,4,car,60.000,-4.000,0.0000,0.000,4.2,1.8
24.85,5,car,140.000,-4.000,0.0000,0.000,4.2,1.8
24.95,1,bus,95.000,3.650,0.0000,0.000,11.0,2.6
24.95,2,pedestrian,101.000,-6.500,-1.6178,0.000,0.5,0.5
24.95,3,auto,63.318,-2.440,3.1416,0.000,2.8,1.4
24.95,4,car,60.000,-4.000,0.0000,0.000,4.2,1.8
24.95,5,car,140.000,-4.000,0.0000,0.000,4.2,1.8
25.05,1,bus,95.000,3.650,0.0000,0.000,11.0,2.6
25.05,2,pedestrian,101.000,-6.500,-1.6178,0.000,0.5,0.5
25.05,3,auto,63.318,-2.440,3.1416,0.000,2.8,1.4
25.05,4,car,60.000,-4.000,0.0000,0.000,4.2,1.8
25.05,5,car,140.000,-4.000,0.0000,0.000,4.2,1.8
25.15,1,bus,95.000,3.650,0.0000,0.000,11.0,2.6
25.15,2,pedestrian,101.000,-6.500,-1.6178,0.000,0.5,0.5
25.15,3,auto,63.318,-2.440,3.1416,0.000,2.8,1.4
25.15,4,car,60.000,-4.000,0.0000,0.000,4.2,1.8
25.15,5,car,140.000,-4.000,0.0000,0.000,4.2,1.8
25.25,1,bus,95.000,3.650,0.0000,0.000,11.0,2.6
25.25,2,pedestrian,101.000,-6.500,-1.6178,0.000,0.5,0.5
25.25,3,auto,63.318,-2.440,3.1416,0.000,2.8,1.4
25.25,4,car,60.000,-4.000,0.0000,0.000,4.2,1.8
25.25,5,car,140.000,-4.000,0.0000,0.000,4.2,1.8
25.35,1,bus,95.000,3.650,0.0000,0.000,11.0,2.6
25.35,2,pedestrian,101.000,-6.500,-1.6178,0.000,0.5,0.5
25.35,3,auto,63.318,-2.440,3.1416,0.000,2.8,1.4
25.35,4,car,60.000,-4.000,0.0000,0.000,4.2,1.8
25.35,5,car,140.000,-4.000,0.0000,0.000,4.2,1.8
25.45,1,bus,95.000,3.650,0.0000,0.000,11.0,2.6
25.45,2,pedestrian,101.000,-6.500,-1.6178,0.000,0.5,0.5
25.45,3,auto,63.318,-2.440,3.1416,0.000,2.8,1.4
25.45,4,car,60.000,-4.000,0.0000,0.000,4.2,1.8
25.45,5,car,140.000,-4.000,0.0000,0.000,4.2,1.8
25.55,1,bus,95.000,3.650,0.0000,0.000,11.0,2.6
25.55,2,pedestrian,101.000,-6.500,-1.6178,0.000,0.5,0.5
25.55,3,auto,63.318,-2.440,3.1416,0.000,2.8,1.4
25.55,4,car,60.000,-4.000,0.0000,0.000,4.2,1.8
25.55,5,car,140.000,-4.000,0.0000,0.000,4.2,1.8
25.65,1,bus,95.000,3.650,0.0000,0.000,11.0,2.6
25.65,2,pedestrian,101.000,-6.500,-1.6178,0.000,0.5,0.5
25.65,3,auto,63.318,-2.440,3.1416,0.000,2.8,1.4
25.65,4,car,60.000,-4.000,0.0000,0.000,4.2,1.8
25.65,5,car,140.000,-4.000,0.0000,0.000,4.2,1.8
25.75,1,bus,95.000,3.650,0.0000,0.000,11.0,2.6
25.75,2,pedestrian,101.000,-6.500,-1.6178,0.000,0.5,0.5
25.75,3,auto,63.318,-2.440,3.1416,0.000,2.8,1.4
25.75,4,car,60.000,-4.000,0.0000,0.000,4.2,1.8
25.75,5,car,140.000,-4.000,0.0000,0.000,4.2,1.8
25.85,1,bus,95.000,3.650,0.0000,0.000,11.0,2.6
25.85,2,pedestrian,101.000,-6.500,-1.6178,0.000,0.5,0.5
25.85,3,auto,63.318,-2.440,3.1416,0.000,2.8,1.4
25.85,4,car,60.000,-4.000,0.0000,0.000,4.2,1.8
25.85,5,car,140.000,-4.000,0.0000,0.000,4.2,1.8
25.95,1,bus,95.000,3.650,0.0000,0.000,11.0,2.6
25.95,2,pedestrian,101.000,-6.500,-1.6178,0.000,0.5,0.5
25.95,3,auto,63.318,-2.440,3.1416,0.000,2.8,1.4
25.95,4,car,60.000,-4.000,0.0000,0.000,4.2,1.8
25.95,5,car,140.000,-4.000,0.0000,0.000,4.2,1.8
26.05,1,bus,95.000,3.650,0.0000,0.000,11.0,2.6
26.05,2,pedestrian,101.000,-6.500,-1.6178,0.000,0.5,0.5
26.05,3,auto,63.318,-2.440,3.1416,0.000,2.8,1.4
26.05,4,car,60.000,-4.000,0.0000,0.000,4.2,1.8
26.05,5,car,140.000,-4.000,0.0000,0.000,4.2,1.8
26.15,1,bus,95.000,3.650,0.0000,0.000,11.0,2.6
26.15,2,pedestrian,101.000,-6.500,-1.6178,0.000,0.5,0.5
26.15,3,auto,63.318,-2.440,3.1416,0.000,2.8,1.4
26.15,4,car,60.000,-4.000,0.0000,0.000,4.2,1.8
26.15,5,car,140.000,-4.000,0.0000,0.000,4.2,1.8
26.25,1,bus,95.000,3.650,0.0000,0.000,11.0,2.6
26.25,2,pedestrian,101.000,-6.500,-1.6178,0.000,0.5,0.5
26.25,3,auto,63.318,-2.440,3.1416,0.000,2.8,1.4
26.25,4,car,60.000,-4.000,0.0000,0.000,4.2,1.8
26.25,5,car,140.000,-4.000,0.0000,0.000,4.2,1.8
26.35,1,bus,95.000,3.650,0.0000,0.000,11.0,2.6
26.35,2,pedestrian,101.000,-6.500,-1.6178,0.000,0.5,0.5
26.35,3,auto,63.318,-2.440,3.1416,0.000,2.8,1.4
26.35,4,car,60.000,-4.000,0.0000,0.000,4.2,1.8
26.35,5,car,140.000,-4.000,0.0000,0.000,4.2,1.8
26.45,1,bus,95.000,3.650,0.0000,0.000,11.0,2.6
26.45,2,pedestrian,101.000,-6.500,-1.6178,0.000,0.5,0.5
26.45,3,auto,63.318,-2.440,3.1416,0.000,2.8,1.4
26.45,4,car,60.000,-4.000,0.0000,0.000,4.2,1.8
26.45,5,car,140.000,-4.000,0.0000,0.000,4.2,1.8
