t,x,y,yaw,v,a,steer,state
0.05,5.500,2.500,-0.0003,10.004,0.085,-0.0015,CRUISE
0.15,6.501,2.498,-0.0009,10.023,0.229,-0.0016,CRUISE
0.25,7.504,2.496,-0.0015,10.055,0.344,-0.0018,CRUISE
0.35,8.510,2.494,-0.0022,10.098,0.455,-0.0018,CRUISE
0.45,9.521,2.490,-0.0029,10.149,0.532,-0.0019,CRUISE
0.55,10.538,2.488,-0.0027,10.207,0.603,0.0035,CRUISE
0.65,11.560,2.487,-0.0012,10.271,0.647,0.0041,NUDGE
0.75,12.589,2.488,0.0000,10.338,0.684,0.0018,NUDGE
0.85,13.624,2.489,0.0008,10.408,0.701,0.0021,CRUISE
0.95,14.667,2.491,0.0014,10.478,0.710,0.0007,CRUISE
1.05,15.716,2.493,0.0017,10.549,0.706,0.0007,CRUISE
1.15,16.773,2.495,0.0018,10.619,0.693,0.0002,CRUISE
1.25,17.837,2.497,0.0019,10.687,0.672,-0.0000,CRUISE
1.35,18.907,2.499,0.0018,10.751,0.643,-0.0001,CRUISE
1.45,19.984,2.501,0.0017,10.813,0.611,-0.0003,CRUISE
1.55,21.066,2.503,0.0016,10.871,0.572,-0.0003,CRUISE
1.65,22.155,2.504,0.0014,10.925,0.533,-0.0005,CRUISE
1.75,23.249,2.505,0.0011,10.975,0.488,-0.0008,CRUISE
1.85,24.347,2.506,0.0007,11.021,0.445,-0.0009,CRUISE
1.95,25.450,2.506,0.0003,11.061,0.398,-0.0010,CRUISE
2.05,26.558,2.505,-0.0001,11.098,0.355,-0.0011,CRUISE
2.15,27.668,2.504,-0.0006,11.129,0.308,-0.0013,CRUISE
2.25,28.782,2.503,-0.0012,11.157,0.267,-0.0013,CRUISE
2.35,29.898,2.501,-0.0017,11.181,0.224,-0.0014,CRUISE
2.45,31.017,2.498,-0.0023,11.200,0.187,-0.0014,CRUISE
2.55,32.137,2.494,-0.0029,11.214,0.107,-0.0013,CRUISE
2.65,33.259,2.490,-0.0034,11.217,0.007,-0.0013,CRUISE
2.75,34.380,2.486,-0.0039,11.212,-0.051,-0.0012,CRUISE
2.85,35.501,2.480,-0.0044,11.206,-0.059,-0.0012,CRUISE
2.95,36.622,2.475,-0.0048,11.197,-0.119,-0.0009,CRUISE
3.05,37.741,2.469,-0.0052,11.178,-0.211,-0.0008,CRUISE
3.15,38.858,2.463,-0.0055,11.150,-0.313,-0.0007,CRUISE
3.25,39.972,2.456,-0.0057,11.112,-0.397,-0.0006,CRUISE
3.35,41.082,2.450,-0.0059,11.066,-0.491,-0.0004,CRUISE
3.45,42.188,2.443,-0.0060,11.011,-0.568,-0.0002,CRUISE
3.55,43.287,2.437,-0.0056,10.948,-0.653,0.0020,CRUISE
3.65,44.380,2.432,-0.0048,10.877,-0.721,0.0021,CRUISE
3.75,45.466,2.428,-0.0041,10.800,-0.797,0.0014,CRUISE
3.85,46.544,2.424,-0.0035,10.716,-0.857,0.0014,CRUISE
3.95,47.613,2.422,-0.0029,10.623,-0.986,0.0017,CRUISE
4.05,48.673,2.419,-0.0023,10.512,-1.140,0.0016,CRUISE
4.15,49.721,2.415,-0.0039,10.396,-1.131,-0.0098,CRUISE
4.25,50.758,2.404,-0.0082,10.293,-0.978,-0.0115,NUDGE
4.35,51.785,2.390,-0.0116,10.200,-0.988,-0.0057,NUDGE
4.45,52.802,2.374,-0.0140,10.090,-1.132,-0.0065,CRUISE
4.55,53.808,2.356,-0.0170,9.966,-1.292,-0.0094,CRUISE
4.65,54.801,2.333,-0.0207,9.827,-1.419,-0.0103,NUDGE
4.75,55.780,2.305,-0.0255,9.690,-1.277,-0.0159,NUDGE
4.85,56.745,2.272,-0.0311,9.587,-0.933,-0.0159,NUDGE
4.95,57.701,2.234,-0.0360,9.498,-1.047,-0.0112,NUDGE
5.05,58.647,2.188,-0.0442,9.365,-1.385,-0.0352,NUDGE
5.15,59.578,2.126,-0.0574,9.217,-1.495,-0.0393,NUDGE
5.25,60.493,2.059,-0.0655,9.057,-1.681,-0.0063,NUDGE
5.35,61.393,2.017,-0.0545,8.874,-1.877,0.0372,NUDGE
5.45,62.275,1.982,-0.0471,8.693,-1.662,0.0053,NUDGE
5.55,63.140,1.939,-0.0486,8.566,-1.139,-0.0052,NUDGE
5.65,63.993,1.894,-0.0503,8.493,-0.604,-0.0050,NUDGE
5.75,64.840,1.849,-0.0522,8.464,-0.185,-0.0063,NUDGE
5.85,65.686,1.803,-0.0531,8.445,-0.416,0.0010,NUDGE
5.95,66.527,1.759,-0.0529,8.350,-1.132,0.0008,NUDGE
6.05,67.357,1.722,-0.0473,8.179,-1.928,0.0357,NUDGE
6.15,68.170,1.716,-0.0267,7.936,-2.587,0.0666,OCCLUSION_CAUTION
6.25,68.956,1.718,-0.0123,7.632,-3.212,0.0338,OCCLUSION_CAUTION
6.35,69.711,1.722,-0.0036,7.277,-3.639,0.0298,OCCLUSION_CAUTION
6.45,70.429,1.725,-0.0004,6.894,-3.879,-0.0052,OCCLUSION_CAUTION
6.55,71.108,1.729,0.0026,6.496,-4.058,0.0299,NUDGE
6.65,71.747,1.758,0.0213,6.082,-4.130,0.0933,NUDGE
6.75,72.344,1.798,0.0391,5.668,-4.213,0.0691,NUDGE
6.85,72.898,1.841,0.0533,5.241,-4.257,0.0678,NUDGE
6.95,73.409,1.891,0.0691,4.819,-4.251,0.1009,NUDGE
7.05,73.875,1.963,0.0959,4.398,-4.177,0.1707,NUDGE
7.15,74.298,2.039,0.1201,3.993,-4.057,0.1333,NUDGE
7.25,74.682,2.103,0.1320,3.597,-3.898,0.0654,OCCLUSION_CAUTION
7.35,75.028,2.159,0.1390,3.235,-3.504,0.0433,OCCLUSION_CAUTION
7.45,75.339,2.207,0.1419,2.922,-2.984,0.0244,NUDGE
7.55,75.622,2.251,0.1445,2.668,-2.450,0.0250,NUDGE
7.65,75.879,2.292,0.1468,2.454,-2.016,0.0242,NUDGE
7.75,76.117,2.330,0.1491,2.287,-1.599,0.0269,NUDGE
7.85,76.340,2.365,0.1502,2.150,-1.281,-0.0003,NUDGE
7.95,76.550,2.397,0.1504,2.052,-0.899,0.0060,NUDGE
8.05,76.751,2.428,0.1509,1.988,-0.543,0.0058,NUDGE
8.15,76.947,2.456,0.1494,1.962,-0.187,-0.0150,NUDGE
8.25,77.141,2.484,0.1484,1.964,0.093,-0.0143,NUDGE
8.35,77.336,2.510,0.1465,1.995,0.367,-0.0362,NUDGE
8.45,77.535,2.536,0.1440,2.047,0.575,-0.0342,NUDGE
8.55,77.740,2.559,0.1394,2.120,0.770,-0.0543,NUDGE
8.65,77.953,2.582,0.1340,2.208,0.913,-0.0819,NUDGE
8.75,78.175,2.603,0.1279,2.306,0.976,-0.0700,NUDGE
8.85,78.408,2.621,0.1196,2.403,0.960,-0.0937,NUDGE
8.95,78.650,2.636,0.1099,2.496,0.905,-0.1254,NUDGE
9.05,78.901,2.641,0.0932,2.581,0.834,-0.1952,NUDGE
9.15,79.162,2.635,0.0725,2.658,0.738,-0.1952,NUDGE
9.25,79.429,2.633,0.0568,2.725,0.648,-0.1548,NUDGE
9.35,79.703,2.623,0.0394,2.783,0.544,-0.1679,NUDGE
9.45,79.982,2.609,0.0217,2.826,0.374,-0.1785,NUDGE
9.55,80.265,2.590,0.0038,2.851,0.208,-0.1670,YIELD
9.65,80.549,2.564,-0.0152,2.860,0.050,-0.1759,YIELD
9.75,80.834,2.534,-0.0331,2.857,-0.052,-0.1651,YIELD
9.85,81.117,2.499,-0.0514,2.844,-0.176,-0.1696,YIELD
9.95,81.398,2.460,-0.0685,2.819,-0.280,-0.1596,YIELD
10.05,81.676,2.417,-0.0855,2.783,-0.400,-0.1613,YIELD
10.15,81.949,2.371,-0.1014,2.736,-0.494,-0.1521,YIELD
10.25,82.217,2.322,-0.1166,2.682,-0.564,-0.1504,YIELD
10.35,82.479,2.271,-0.1309,2.623,-0.586,-0.1422,YIELD
10.45,82.734,2.218,-0.1442,2.561,-0.680,-0.1364,YIELD
10.55,82.983,2.164,-0.1566,2.483,-0.801,-0.1299,YIELD
10.65,83.223,2.110,-0.1680,2.396,-0.909,-0.1230,YIELD
10.75,83.454,2.056,-0.1783,2.300,-0.968,-0.1132,YIELD
10.85,83.675,2.003,-0.1874,2.212,-0.797,-0.1029,YIELD
10.95,83.889,1.951,-0.1955,2.157,-0.463,-0.0984,NUDGE
11.05,84.097,1.900,-0.2026,2.127,-0.343,-0.0928,NUDGE
11.15,84.303,1.847,-0.2096,2.086,-0.420,-0.0884,YIELD
11.25,84.504,1.796,-0.2157,2.051,-0.283,-0.0705,YIELD
11.35,84.702,1.745,-0.2208,2.044,0.010,-0.0671,NUDGE
11.45,84.900,1.693,-0.2260,2.049,-0.086,-0.0722,NUDGE
11.55,85.097,1.640,-0.2313,2.010,-0.477,-0.0687,NUDGE
11.65,85.290,1.589,-0.2353,1.954,-0.482,-0.0396,NUDGE
11.75,85.478,1.540,-0.2380,1.930,-0.150,-0.0378,NUDGE
11.85,85.665,1.492,-0.2402,1.941,0.178,-0.0233,NUDGE
11.95,85.854,1.443,-0.2418,1.977,0.430,-0.0220,NUDGE
12.05,86.047,1.394,-0.2428,2.039,0.671,-0.0070,NUDGE
12.15,86.246,1.344,-0.2433,2.120,0.850,-0.0066,NUDGE
12.25,86.455,1.295,-0.2414,2.208,0.815,0.0357,NUDGE
12.35,86.672,1.247,-0.2374,2.274,0.612,0.0605,NUDGE
12.45,86.896,1.198,-0.2339,2.330,0.598,0.0255,NUDGE
12.55,87.125,1.148,-0.2309,2.401,0.749,0.0438,NUDGE
12.65,87.362,1.097,-0.2272,2.480,0.757,0.0400,NUDGE
12.75,87.607,1.048,-0.2219,2.548,0.648,0.0560,YIELD
12.85,87.858,1.000,-0.2160,2.604,0.517,0.0698,YIELD
12.95,88.116,0.953,-0.2096,2.647,0.406,0.0652,YIELD
13.05,88.377,0.908,-0.2024,2.650,-0.303,0.0829,YIELD
13.15,88.637,0.866,-0.1946,2.574,-0.707,0.0805,EMERGENCY
13.25,88.890,0.826,-0.1872,2.520,-0.481,0.0763,NUDGE
13.35,89.138,0.790,-0.1797,2.492,-0.221,0.0872,NUDGE
13.45,89.385,0.756,-0.1720,2.487,0.013,0.0822,NUDGE
13.55,89.632,0.725,-0.1641,2.492,-0.046,0.0914,NUDGE
13.65,89.879,0.696,-0.1560,2.466,-0.328,0.0861,NUDGE
13.75,90.123,0.670,-0.1468,2.396,-0.952,0.1187,NUDGE
13.85,90.359,0.651,-0.1359,2.248,-1.624,0.1229,EMERGENCY
13.95,90.578,0.633,-0.1274,2.073,-1.637,0.0858,EMERGENCY
14.05,90.781,0.616,-0.1213,1.943,-1.171,0.0807,NUDGE
14.15,90.973,0.601,-0.1151,1.864,-0.697,0.0845,NUDGE
14.25,91.157,0.588,-0.1094,1.822,-0.319,0.0811,NUDGE
14.35,91.339,0.576,-0.1037,1.820,0.057,0.0923,NUDGE
14.45,91.521,0.565,-0.0976,1.847,0.348,0.0878,NUDGE
14.55,91.707,0.554,-0.0926,1.904,0.629,0.0592,NUDGE
14.65,91.898,0.542,-0.0886,1.983,0.839,0.0558,NUDGE
14.75,92.099,0.531,-0.0837,2.082,1.033,0.0778,NUDGE
14.85,92.309,0.522,-0.0777,2.195,1.170,0.0778,NUDGE
14.95,92.532,0.513,-0.0717,2.322,1.288,0.0717,NUDGE
15.05,92.767,0.505,-0.0654,2.456,1.362,0.0704,NUDGE
15.15,93.016,0.498,-0.0590,2.597,1.416,0.0705,NUDGE
15.25,93.279,0.491,-0.0525,2.740,1.438,0.0651,OCCLUSION_CAUTION
15.35,93.557,0.484,-0.0476,2.884,1.440,0.0307,OCCLUSION_CAUTION
15.45,93.849,0.474,-0.0447,3.027,1.422,0.0240,NUDGE
15.55,94.155,0.466,-0.0410,3.167,1.384,0.0430,NUDGE
15.65,94.475,0.459,-0.0362,3.302,1.337,0.0393,OCCLUSION_CAUTION
15.75,94.808,0.454,-0.0315,3.431,1.273,0.0384,OCCLUSION_CAUTION
15.85,95.155,0.450,-0.0269,3.553,1.209,0.0352,CRUISE
15.95,95.513,0.444,-0.0241,3.693,1.613,0.0074,CRUISE
16.05,95.887,0.436,-0.0234,3.893,2.106,0.0035,NUDGE
16.15,96.282,0.429,-0.0221,4.121,2.325,0.0139,NUDGE
16.25,96.700,0.422,-0.0203,4.362,2.422,0.0118,CRUISE
16.35,97.142,0.416,-0.0183,4.607,2.465,0.0128,CRUISE
16.45,97.609,0.411,-0.0162,4.855,2.485,0.0124,CRUISE
16.55,98.100,0.406,-0.0137,5.105,2.493,0.0138,CRUISE
16.65,98.617,0.404,-0.0107,5.354,2.497,0.0168,CRUISE
16.75,99.159,0.403,-0.0074,5.604,2.499,0.0166,CRUISE
16.85,99.725,0.404,-0.0037,5.854,2.499,0.0174,CRUISE
16.95,100.317,0.408,0.0005,6.104,2.500,0.0185,CRUISE
17.05,100.934,0.416,0.0054,6.354,2.500,0.0224,CRUISE
17.15,101.575,0.428,0.0110,6.604,2.500,0.0229,CRUISE
17.25,102.242,0.444,0.0169,6.854,2.500,0.0230,CRUISE
17.35,102.933,0.465,0.0231,7.104,2.500,0.0240,CRUISE
17.45,103.649,0.492,0.0299,7.354,2.500,0.0261,CRUISE
17.55,104.390,0.525,0.0371,7.604,2.500,0.0258,CRUISE
17.65,105.156,0.565,0.0445,7.854,2.500,0.0261,CRUISE
17.75,105.946,0.612,0.0519,8.104,2.500,0.0243,CRUISE
17.85,106.761,0.665,0.0587,8.354,2.500,0.0223,CRUISE
17.95,107.600,0.725,0.0653,8.604,2.500,0.0204,CRUISE
18.05,108.464,0.791,0.0713,8.854,2.500,0.0182,CRUISE
18.15,109.353,0.863,0.0767,9.104,2.500,0.0156,CRUISE
18.25,110.266,0.940,0.0813,9.354,2.500,0.0128,CRUISE
18.35,111.204,1.023,0.0851,9.602,2.483,0.0105,CRUISE
18.45,112.167,1.110,0.0881,9.848,2.444,0.0076,CRUISE
18.55,113.153,1.200,0.0901,10.085,2.370,0.0045,CRUISE
18.65,114.164,1.293,0.0910,10.316,2.270,0.0019,CRUISE
18.75,115.196,1.388,0.0911,10.531,2.146,-0.0002,CRUISE
18.85,116.250,1.482,0.0902,10.737,2.016,-0.0036,CRUISE
18.95,117.325,1.576,0.0882,10.925,1.863,-0.0052,CRUISE
19.05,118.418,1.669,0.0857,11.102,1.715,-0.0068,CRUISE
19.15,119.528,1.759,0.0824,11.259,1.550,-0.0082,CRUISE
19.25,120.655,1.846,0.0786,11.403,1.396,-0.0093,CRUISE
19.35,121.795,1.928,0.0741,11.528,1.229,-0.0104,CRUISE
19.45,122.948,2.006,0.0691,11.641,1.079,-0.0118,CRUISE
19.55,124.113,2.078,0.0638,11.735,0.920,-0.0124,CRUISE
19.65,125.286,2.144,0.0584,11.817,0.780,-0.0124,CRUISE
19.75,126.468,2.204,0.0530,11.883,0.635,-0.0126,CRUISE
19.85,127.657,2.258,0.0475,11.938,0.511,-0.0123,CRUISE
19.95,128.851,2.306,0.0421,11.978,0.384,-0.0124,CRUISE
20.05,130.049,2.347,0.0367,12.009,0.278,-0.0119,CRUISE
20.15,131.249,2.383,0.0314,12.027,0.172,-0.0118,CRUISE
20.25,132.452,2.412,0.0264,12.038,0.085,-0.0112,CRUISE
20.35,133.656,2.436,0.0215,12.039,0.001,-0.0106,CRUISE
20.45,134.860,2.455,0.0170,12.035,-0.068,-0.0099,CRUISE
20.55,136.063,2.468,0.0128,12.022,-0.131,-0.0092,CRUISE
20.65,137.264,2.477,0.0090,12.006,-0.181,-0.0084,CRUISE
20.75,138.464,2.482,0.0055,11.983,-0.226,-0.0077,CRUISE
20.85,139.662,2.483,0.0023,11.958,-0.260,-0.0069,CRUISE
20.95,140.857,2.481,-0.0005,11.930,-0.287,-0.0061,CRUISE
21.05,142.049,2.477,-0.0030,11.900,-0.307,-0.0054,CRUISE
21.15,143.239,2.470,-0.0051,11.867,-0.320,-0.0046,CRUISE
21.25,144.424,2.461,-0.0069,11.835,-0.328,-0.0040,CRUISE
21.35,145.607,2.450,-0.0084,11.801,-0.329,-0.0033,CRUISE
21.45,146.786,2.438,-0.0097,11.769,-0.328,-0.0027,CRUISE
21.55,147.962,2.425,-0.0106,11.736,-0.320,-0.0021,CRUISE
21.65,149.135,2.411,-0.0114,11.704,-0.312,-0.0016,CRUISE
21.75,150.304,2.397,-0.0119,11.674,-0.297,-0.0010,CRUISE
21.85,151.471,2.383,-0.0122,11.645,-0.284,-0.0006,CRUISE
21.95,152.635,2.368,-0.0123,11.617,-0.265,-0.0002,CRUISE
22.05,153.796,2.354,-0.0123,11.592,-0.250,0.0001,CRUISE
22.15,154.954,2.340,-0.0121,11.568,-0.228,0.0005,CRUISE
22.25,156.110,2.326,-0.0119,11.547,-0.211,0.0007,CRUISE
22.35,157.265,2.313,-0.0115,11.527,-0.189,0.0008,CRUISE
22.45,158.417,2.301,-0.0111,11.509,-0.172,0.0011,CRUISE
22.55,159.567,2.289,-0.0106,11.493,-0.150,0.0012,CRUISE
22.65,160.716,2.277,-0.0100,11.479,-0.134,0.0014,CRUISE
22.75,161.864,2.267,-0.0094,11.467,-0.114,0.0014,CRUISE
22.85,163.010,2.257,-0.0088,11.457,-0.099,0.0015,CRUISE
22.95,164.155,2.248,-0.0081,11.447,-0.081,0.0015,CRUISE
23.05,165.300,2.240,-0.0075,11.441,-0.068,0.0015,CRUISE
23.15,166.444,2.232,-0.0069,11.434,-0.053,0.0015,CRUISE
23.25,167.587,2.226,-0.0062,11.430,-0.042,0.0015,CRUISE
23.35,168.730,2.220,-0.0056,11.426,-0.029,0.0014,CRUISE
23.45,169.872,2.214,-0.0050,11.424,-0.021,0.0014,CRUISE
23.55,171.015,2.209,-0.0044,11.422,-0.011,0.0013,CRUISE
23.65,172.157,2.205,-0.0039,11.421,-0.005,0.0013,CRUISE
23.75,173.299,2.202,-0.0034,11.421,0.003,0.0012,CRUISE
23.85,174.441,2.199,-0.0029,11.421,0.007,0.0011,CRUISE
23.95,175.583,2.196,-0.0025,11.422,0.013,0.0010,CRUISE
24.05,176.725,2.194,-0.0020,11.423,0.014,0.0010,CRUISE
24.15,177.868,2.192,-0.0017,11.424,0.018,0.0009,CRUISE
24.25,179.010,2.191,-0.0013,11.427,0.018,0.0008,CRUISE
24.35,180.153,2.190,-0.0010,11.428,0.021,0.0007,CRUISE
24.45,181.296,2.189,-0.0007,11.430,0.020,0.0006,CRUISE
24.55,182.439,2.189,-0.0005,11.431,0.021,0.0006,CRUISE
24.65,183.582,2.188,-0.0003,11.434,0.019,0.0005,CRUISE
24.75,184.725,2.188,-0.0001,11.435,0.019,0.0004,CRUISE
24.85,185.869,2.188,0.0001,11.437,0.016,0.0004,CRUISE
24.95,187.012,2.189,0.0002,11.437,0.016,0.0003,CRUISE
25.05,188.156,2.189,0.0003,11.439,0.012,0.0002,CRUISE
25.15,189.300,2.190,0.0004,11.439,0.012,0.0002,CRUISE
25.25,190.444,2.190,0.0005,11.441,0.008,0.0002,CRUISE
25.35,191.588,2.191,0.0005,11.441,0.007,0.0001,CRUISE
25.45,192.732,2.191,0.0006,11.441,0.004,0.0001,CRUISE
25.55,193.876,2.192,0.0006,11.441,0.002,0.0001,CRUISE
25.65,195.020,2.193,0.0006,11.441,-0.001,0.0000,CRUISE
25.75,196.164,2.194,0.0006,11.440,-0.002,0.0000,CRUISE
25.85,197.308,2.194,0.0006,11.440,-0.005,-0.0000,CRUISE
25.95,198.452,2.195,0.0006,11.439,-0.006,-0.0000,CRUISE
26.05,199.596,2.195,0.0006,11.438,-0.009,-0.0000,CRUISE
26.15,200.740,2.196,0.0005,11.436,-0.010,-0.0001,CRUISE
26.25,201.884,2.197,0.0005,11.435,-0.012,-0.0001,CRUISE
26.35,203.027,2.197,0.0005,11.433,-0.013,-0.0001,CRUISE
26.45,204.170,2.198,0.0004,11.432,-0.015,-0.0001,CRUISE
